SH129086.07FU_EU037892_refs	k__Fungi;p__Ascomycota;c__Sordariomycetes;o__Chaetosphaeriales;f__Chaetosphaeriaceae;g__Chaetosphaeria;s__Chaetosphaeria_bombycina
SH080495.07FU_HQ605944_reps	k__Fungi;p__Ascomycota;c__Lecanoromycetes;o__Rhizocarpales;f__Rhizocarpaceae;g__Rhizocarpon;s__Rhizocarpon_lavatum
SH136373.07FU_AB125280_reps	k__Fungi;p__Ascomycota;c__Ascomycota_cls_Incertae_sedis;o__Ascomycota_ord_Incertae_sedis;f__Ascomycota_fam_Incertae_sedis;g__Verruconis;s__Verruconis_gallopava
SH128039.07FU_FJ171855_refs	k__Fungi;p__Ascomycota;c__Neolectomycetes;o__Neolectales;f__Neolectaceae;g__Neolecta;s__Neolecta_vitellina
SH085546.07FU_AF444582_refs	k__Fungi;p__Basidiomycota;c__Agaricostilbomycetes;o__Spiculogloeales;f__Spiculogloeaceae;g__Phyllozyma;s__Phyllozyma_linderae
SH099647.07FU_U68316_refs	k__Fungi;p__Ascomycota;c__Eurotiomycetes;o__Ascosphaerales;f__Ascosphaeraceae;g__Ascosphaera;s__Ascosphaera_duoformis
SH101916.07FU_FR750083_reps	k__Fungi;p__Glomeromycota;c__Glomeromycetes;o__Paraglomerales;f__Paraglomeraceae;g__Paraglomus;s__Paraglomus_laccatum
SH099248.07FU_EF447347_reps	k__Fungi;p__Ascomycota;c__Dothideomycetes;o__Valsariales;f__Valsariaceae;g__Valsaria;s__Valsaria_insitiva
SH129937.07FU_AB665764_reps	k__Fungi;p__Chytridiomycota;c__Chytridiomycetes;o__Olpidiales;f__Olpidiaceae;g__Olpidium;s__Olpidium_bornovanus
SH112724.07FU_AY581907_reps	k__Fungi;p__Ascomycota;c__Sordariomycetes;o__Lulworthiales;f__Lulworthiales_fam_Incertae_sedis;g__Haloguignardia;s__Haloguignardia_irritans
SH128982.07FU_JX968546_reps	k__Fungi;p__Ascomycota;c__Eurotiomycetes;o__Coryneliales;f__Coryneliaceae;g__Corynelia;s__Corynelia_uberata
SH085547.07FU_AF444576_refs	k__Fungi;p__Basidiomycota;c__Agaricostilbomycetes;o__Spiculogloeales;f__Spiculogloeaceae;g__Phyllozyma;s__Phyllozyma_coprosmicola
SH116157.07FU_EF596819_refs	k__Fungi;p__Ascomycota;c__Dothideomycetes;o__Mytilinidiales;f__Mytilinidiaceae;g__Lophium;s__Lophium_mytilinum
SH096911.07FU_KC197021_refs	k__Fungi;p__Ascomycota;c__Ascomycota_cls_Incertae_sedis;o__Ascomycota_ord_Incertae_sedis;f__Ascomycota_fam_Incertae_sedis;g__Luteocirrhus;s__Luteocirrhus_shearii
SH119469.07FU_JX460988_refs	k__Fungi;p__Ascomycota;c__Sordariomycetes;o__Boliniales;f__Boliniaceae;g__Pseudovalsaria;s__Pseudovalsaria_ferruginea
SH097733.07FU_AF398457_reps	k__Fungi;p__Basidiomycota;c__Exobasidiomycetes;o__Tilletiales;f__Tilletiaceae;g__Tilletia;s__Tilletia_anthoxanthi
SH097863.07FU_KJ471519_reps	k__Fungi;p__Ascomycota;c__Sordariomycetes;o__Coniochaetales;f__Coniochaetaceae;g__Coniochaeta;s__Coniochaeta_hoffmannii
SH551709.07FU_LN878293_reps	k__Fungi;p__Chytridiomycota;c__Blastocladiomycetes;o__Blastocladiales;f__Blastocladiaceae;g__Allomyces;s__Allomyces_arbusculus
SH097410.07FU_JX017310_refs	k__Fungi;p__Neocallimastigomycota;c__Neocallimastigomycetes;o__Neocallimastigales;f__Neocallimastigaceae;g__Oontomyces;s__Oontomyces_anksri
SH129938.07FU_AB665768_reps	k__Fungi;p__Chytridiomycota;c__Chytridiomycetes;o__Olpidiales;f__Olpidiaceae;g__Olpidium;s__Olpidium_bornovanus
SH128489.07FU_DQ419922_refs	k__Fungi;p__Basidiomycota;c__Pucciniomycetes;o__Septobasidiales;f__Septobasidiaceae;g__Auriculoscypha;s__Auriculoscypha_anacardiicola
SH127495.07FU_KJ589630_reps	k__Fungi;p__Ascomycota;c__Sordariomycetes;o__Coniochaetales;f__Coniochaetaceae;g__Coniochaeta;s__Coniochaeta_mutabilis
SH133098.07FU_GU966521_reps	k__Fungi;p__Ascomycota;c__Dothideomycetes;o__Mytilinidiales;f__Mytilinidiaceae;g__Taeniolella;s__Taeniolella_phialosperma
SH128173.07FU_FJ755832_reps	k__Fungi;p__Basidiomycota;c__Wallemiomycetes;o__Wallemiales;f__Wallemiaceae;g__Wallemia;s__Wallemia_tropicalis
SH092147.07FU_FJ171856_reps	k__Fungi;p__Ascomycota;c__Neolectomycetes;o__Neolectales;f__Neolectaceae;g__Neolecta;s__Neolecta_irregularis
SH088580.07FU_KC152884_reps	k__Fungi;p__Basidiomycota;c__Ustilaginomycotina_cls_Incertae_sedis;o__Malasseziales;f__Malasseziaceae;g__Malassezia;s__Malassezia_globosa
SH126256.07FU_UDB015006_reps	k__Fungi;p__Ascomycota;c__Lecanoromycetes;o__Lecanoromycetidae_ord_Incertae_sedis;f__Coniocybaceae;g__Sclerophora;s__Sclerophora_peronella
SH080550.07FU_EF392532_reps	k__Fungi;p__Zygomycota;c__Zygomycota_cls_Incertae_sedis;o__Basidiobolales;f__Basidiobolaceae;g__Basidiobolus;s__Basidiobolus_ranarum
SH124462.07FU_KJ706658_reps	k__Fungi;p__Basidiomycota;c__Microbotryomycetes;o__Kriegeriales;f__Kriegeriaceae;g__Phenoliferia;s__Phenoliferia_psychrophenolica
SH112446.07FU_HE863327_refs	k__Fungi;p__Ascomycota;c__Sordariomycetes;o__Coniochaetales;f__Coniochaetaceae;g__Coniochaeta;s__Coniochaeta_polymorpha
SH536367.07FU_AB758897_reps	k__Fungi;p__Ascomycota;c__Dothideomycetes;o__Trypetheliales;f__Trypetheliaceae;g__Trypethelium;s__Trypethelium_subeluteriae
SH106685.07FU_JF340253_reps	k__Fungi;p__Ascomycota;c__Sordariomycetes;o__Chaetosphaeriales;f__Chaetosphaeriaceae;g__Chaetosphaeria;s__Chaetosphaeria_myriocarpa
SH077429.07FU_JQ782549_reps	k__Fungi;p__Neocallimastigomycota;c__Neocallimastigomycetes;o__Neocallimastigales;f__Neocallimastigaceae;g__Neocallimastix;s__Neocallimastix_frontalis
SH099646.07FU_GQ867766_reps	k__Fungi;p__Ascomycota;c__Eurotiomycetes;o__Ascosphaerales;f__Ascosphaeraceae;g__Ascosphaera;s__Ascosphaera_apis
SH080543.07FU_EF392534_refs	k__Fungi;p__Zygomycota;c__Zygomycota_cls_Incertae_sedis;o__Basidiobolales;f__Basidiobolaceae;g__Basidiobolus;s__Basidiobolus_magnus
SH118879.07FU_AJ878738_refs	k__Fungi;p__Basidiomycota;c__Agaricomycetes;o__Phallales;f__Phallaceae;g__Lysurus;s__Lysurus_cruciatus
SH088581.07FU_JQ088224_reps	k__Fungi;p__Basidiomycota;c__Ustilaginomycotina_cls_Incertae_sedis;o__Malasseziales;f__Malasseziaceae;g__Malassezia;s__Malassezia_globosa
SH537708.07FU_KP814196_reps	k__Fungi;p__Basidiomycota;c__Agaricomycetes;o__Amylocorticiales;f__Amylocorticiaceae;g__Ceraceomyces;s__Ceraceomyces_serpens
SH119041.07FU_AF444545_refs	k__Fungi;p__Basidiomycota;c__Agaricostilbomycetes;o__Agaricostilbomycetes_ord_Incertae_sedis;f__Agaricostilbomycetes_fam_Incertae_sedis;g__Cystobasidiopsis;s__Cystobasidiopsis_lactophilus
SH109229.07FU_JX124723_refs	k__Fungi;p__Ascomycota;c__Taphrinomycetes;o__Taphrinales;f__Taphrinaceae;g__Taphrina;s__Taphrina_antarctica
SH540777.07FU_KP881710_reps	k__Fungi;p__Ascomycota;c__Eurotiomycetes;o__Coryneliales;f__Coryneliaceae;g__Lagenulopsis;s__Lagenulopsis_bispora
SH118870.07FU_HM237297_reps	k__Fungi;p__Ascomycota;c__Sordariomycetes;o__Calosphaeriales;f__Calosphaeriaceae;g__Calosphaeria;s__Calosphaeria_pulchella
SH538282.07FU_KP687813_reps	k__Fungi;p__Ascomycota;c__Dothideomycetes;o__Valsariales;f__Valsariaceae;g__Bambusaria;s__Bambusaria_bambusae
SH126286.07FU_FJ820710_reps	k__Fungi;p__Basidiomycota;c__Agaricomycetes;o__Amylocorticiales;f__Amylocorticiaceae;g__Amyloxenasma;s__Amyloxenasma_allantosporum
SH099649.07FU_HQ540523_refs	k__Fungi;p__Ascomycota;c__Eurotiomycetes;o__Ascosphaerales;f__Ascosphaeraceae;g__Ascosphaera;s__Ascosphaera_subglobosa
SH133072.07FU_AY230153_refs	k__Fungi;p__Ascomycota;c__Eurotiomycetes;o__Chaetothyriomycetidae_ord_Incertae_sedis;f__Chaetothyriomycetidae_fam_Incertae_sedis;g__Rhynchostoma;s__Rhynchostoma_proteae
SH103471.07FU_KF481956_reps	k__Fungi;p__Basidiomycota;c__Agaricomycetes;o__Phallales;f__Phallaceae;g__Phallus;s__Phallus_hadriani
SH097734.07FU_AF398454_reps	k__Fungi;p__Basidiomycota;c__Exobasidiomycetes;o__Tilletiales;f__Tilletiaceae;g__Tilletia;s__Tilletia_elymi
SH129947.07FU_HM488753_refs	k__Fungi;p__Basidiomycota;c__Agaricomycotina_cls_Incertae_sedis;o__Agaricomycotina_ord_Incertae_sedis;f__Agaricomycotina_fam_Incertae_sedis;g__Eriocybe;s__Eriocybe_chionea
SH094258.07FU_AY158674_refs	k__Fungi;p__Basidiomycota;c__Exobasidiomycetes;o__Exobasidiomycetidae_ord_Incertae_sedis;f__Exobasidiomycetidae_fam_Incertae_sedis;g__Meira;s__Meira_geulakonigii
SH121424.07FU_KC965265_reps	k__Fungi;p__Ascomycota;c__Lecanoromycetes;o__Baeomycetales;f__Baeomycetaceae;g__Baeomyces;s__Baeomyces_rufus
SH101596.07FU_AY373015_reps	k__Fungi;p__Chytridiomycota;c__Chytridiomycetes;o__Olpidiales;f__Olpidiaceae;g__Olpidium;s__Olpidium_brassicae
SH128433.07FU_GQ304521_reps	k__Fungi;p__Chytridiomycota;c__Chytridiomycetes;o__Olpidiales;f__Olpidiaceae;g__Olpidium;s__Olpidium_virulentus
SH540154.07FU_UDB024811_reps	k__Fungi;p__Basidiomycota;c__Agaricomycetes;o__Amylocorticiales;f__Amylocorticiaceae;g__Ceraceomyces;s__Ceraceomyces_serpens
SH122561.07FU_DQ497617_refs	k__Fungi;p__Ascomycota;c__Taphrinomycetes;o__Taphrinales;f__Protomycetaceae;g__Protomyces;s__Protomyces_inouyei
SH127766.07FU_JX508799_refs	k__Fungi;p__Basidiomycota;c__Microbotryomycetes;o__Kriegeriales;f__Kriegeriaceae;g__Meredithblackwellia;s__Meredithblackwellia_eburnea
SH112725.07FU_AY581915_reps	k__Fungi;p__Ascomycota;c__Sordariomycetes;o__Lulworthiales;f__Lulworthiales_fam_Incertae_sedis;g__Haloguignardia;s__Haloguignardia_irritans
SH536260.07FU_KP687886_refs	k__Fungi;p__Ascomycota;c__Dothideomycetes;o__Valsariales;f__Valsariaceae;g__Valsaria;s__Valsaria_insitiva
SH119958.07FU_AF543208_reps	k__Fungi;p__Zygomycota;c__Entomophthoromycotina_cls_Incertae_sedis;o__Entomophthorales;f__Entomophthoraceae;g__Pandora;s__Pandora_neoaphidis
SH547004.07FU_KP413067_reps	k__Fungi;p__Basidiomycota;c__Entorrhizomycetes;o__Entorrhizales;f__Entorrhizaceae;g__Entorrhiza;s__Entorrhiza_cypericola
SH133834.07FU_AF310171_reps	k__Fungi;p__Basidiomycota;c__Exobasidiomycetes;o__Tilletiales;f__Tilletiaceae;g__Tilletia;s__Tilletia_barclayana
SH103786.07FU_JN040515_refs	k__Fungi;p__Ascomycota;c__Eurotiomycetes;o__Eurotiomycetes_ord_Incertae_sedis;f__Eurotiomycetes_fam_Incertae_sedis;g__Sarcinomyces;s__Sarcinomyces_crustaceus
SH539183.07FU_KP413061_reps	k__Fungi;p__Basidiomycota;c__Entorrhizomycetes;o__Entorrhizales;f__Entorrhizaceae;g__Entorrhiza;s__Entorrhiza_aschersoniana
SH129939.07FU_AB628197_reps	k__Fungi;p__Chytridiomycota;c__Chytridiomycetes;o__Olpidiales;f__Olpidiaceae;g__Olpidium;s__Olpidium_bornovanus
SH549539.07FU_JX876863_reps	k__Fungi;p__Basidiomycota;c__Exobasidiomycetes;o__Exobasidiomycetidae_ord_Incertae_sedis;f__Exobasidiomycetidae_fam_Incertae_sedis;g__Acaromyces;s__Acaromyces_ingoldii
SH101494.07FU_KP004465_refs	k__Fungi;p__Ascomycota;c__Sordariomycetes;o__Chaetosphaeriales;f__Chaetosphaeriaceae;g__Codinaea;s__Codinaea_pini
SH099648.07FU_GQ867777_reps	k__Fungi;p__Ascomycota;c__Eurotiomycetes;o__Ascosphaerales;f__Ascosphaeraceae;g__Ascosphaera;s__Ascosphaera_proliperda
SH122396.07FU_KF849625_reps	k__Fungi;p__Glomeromycota;c__Glomeromycetes;o__Paraglomerales;f__Paraglomeraceae;g__Paraglomus;s__Paraglomus_occultum
SH128432.07FU_FJ235857_reps	k__Fungi;p__Chytridiomycota;c__Chytridiomycetes;o__Olpidiales;f__Olpidiaceae;g__Olpidium;s__Olpidium_brassicae
SH115622.07FU_KF823600_reps	k__Fungi;p__Ascomycota;c__Sordariomycetes;o__Calosphaeriales;f__Calosphaeriaceae;g__Natantiella;s__Natantiella_ligneola
SH108119.07FU_HQ650649_reps	k__Fungi;p__Ascomycota;c__Lecanoromycetes;o__Rhizocarpales;f__Rhizocarpaceae;g__Catolechia;s__Catolechia_wahlenbergii
SH090052.07FU_FJ820537_reps	k__Fungi;p__Basidiomycota;c__Agaricomycetes;o__Amylocorticiales;f__Amylocorticiaceae;g__Ceraceomyces;s__Ceraceomyces_serpens
SH129882.07FU_AY158671_refs	k__Fungi;p__Basidiomycota;c__Exobasidiomycetes;o__Exobasidiomycetidae_ord_Incertae_sedis;f__Exobasidiomycetidae_fam_Incertae_sedis;g__Acaromyces;s__Acaromyces_ingoldii
SH094254.07FU_JX682680_reps	k__Fungi;p__Basidiomycota;c__Exobasidiomycetes;o__Exobasidiomycetidae_ord_Incertae_sedis;f__Exobasidiomycetidae_fam_Incertae_sedis;g__Meira;s__Meira_nashicola
SH117071.07FU_UDB015413_refs	k__Fungi;p__Basidiomycota;c__Agaricomycetes;o__Phallales;f__Phallaceae;g__Phallus;s__Phallus_impudicus
SH539320.07FU_LM644543_reps	k__Fungi;p__Ascomycota;c__Ascomycota_cls_Incertae_sedis;o__Ascomycota_ord_Incertae_sedis;f__Ascomycota_fam_Incertae_sedis;g__Verruconis;s__Verruconis_gallopava
SH092148.07FU_FJ171865_reps	k__Fungi;p__Ascomycota;c__Neolectomycetes;o__Neolectales;f__Neolectaceae;g__Neolecta;s__Neolecta_irregularis
SH094256.07FU_AY158675_refs	k__Fungi;p__Basidiomycota;c__Exobasidiomycetes;o__Exobasidiomycetidae_ord_Incertae_sedis;f__Exobasidiomycetidae_fam_Incertae_sedis;g__Meira;s__Meira_argovae
SH112723.07FU_AY581925_reps	k__Fungi;p__Ascomycota;c__Sordariomycetes;o__Lulworthiales;f__Lulworthiales_fam_Incertae_sedis;g__Haloguignardia;s__Haloguignardia_irritans
SH537164.07FU_AB753051_reps	k__Fungi;p__Ascomycota;c__Dothideomycetes;o__Trypetheliales;f__Trypetheliaceae;g__Trypethelium;s__Trypethelium_eluteriae
SH554008.07FU_KM231761_reps	k__Fungi;p__Ascomycota;c__Dothideomycetes;o__Microthyriales;f__Microthyriaceae;g__Xenogliocladiopsis;s__Xenogliocladiopsis_cypellocarpae
SH088671.07FU_KF251156_refs	k__Fungi;p__Ascomycota;c__Ascomycota_cls_Incertae_sedis;o__Ascomycota_ord_Incertae_sedis;f__Ascomycota_fam_Incertae_sedis;g__Kirstenboschia;s__Kirstenboschia_diospyri
SH078987.07FU_AF310176_reps	k__Fungi;p__Basidiomycota;c__Exobasidiomycetes;o__Tilletiales;f__Tilletiaceae;g__Tilletia;s__Tilletia_indica
SH121946.07FU_EU040213_reps	k__Fungi;p__Ascomycota;c__Dothideomycetes;o__Valsariales;f__Valsariaceae;g__Valsaria;s__Valsaria_insitiva
SH109321.07FU_KP144005_refs	k__Fungi;p__Ascomycota;c__Eurotiomycetes;o__Coryneliales;f__Coryneliaceae;g__Caliciopsis;s__Caliciopsis_beckhausii
SH119042.07FU_KJ706683_reps	k__Fungi;p__Basidiomycota;c__Agaricostilbomycetes;o__Agaricostilbomycetes_ord_Incertae_sedis;f__Agaricostilbomycetes_fam_Incertae_sedis;g__Cystobasidiopsis;s__Cystobasidiopsis_lactophilus
SH122452.07FU_EF394825_reps	k__Fungi;p__Ascomycota;c__Ascomycota_cls_Incertae_sedis;o__Ascomycota_ord_Incertae_sedis;f__Ascomycota_fam_Incertae_sedis;g__Austroafricana;s__Austroafricana_associata
SH542080.07FU_KM591585_refs	k__Fungi;p__Basidiomycota;c__Ustilaginomycetes;o__Ustilaginomycetes_ord_Incertae_sedis;f__Ustilaginomycetes_fam_Incertae_sedis;g__Violaceomyces;s__Violaceomyces_palustris
SH116778.07FU_KJ027540_reps	k__Fungi;p__Ascomycota;c__Ascomycota_cls_Incertae_sedis;o__Ascomycota_ord_Incertae_sedis;f__Ascomycota_fam_Incertae_sedis;g__Dinomyces;s__Dinomyces_arenysensis
SH542204.07FU_UDB022794_reps	k__Fungi;p__Ascomycota;c__Lecanoromycetes;o__Rhizocarpales;f__Catillariaceae;g__Toninia;s__Toninia_physaroides
SH124459.07FU_KC333169_reps	k__Fungi;p__Basidiomycota;c__Microbotryomycetes;o__Kriegeriales;f__Kriegeriaceae;g__Phenoliferia;s__Phenoliferia_psychrophenolica
SH127154.07FU_FR750047_reps	k__Fungi;p__Glomeromycota;c__Glomeromycetes;o__Paraglomerales;f__Paraglomeraceae;g__Paraglomus;s__Paraglomus_brasilianum
SH120134.07FU_EF137915_reps	k__Fungi;p__Basidiomycota;c__Tremellomycetes;o__Tremellomycetes_ord_Incertae_sedis;f__Tremellomycetes_fam_Incertae_sedis;g__Moniliella;s__Moniliella_fonsecae
SH114480.07FU_GQ981499_refs	k__Fungi;p__Basidiomycota;c__Agaricomycetes;o__Phallales;f__Phallaceae;g__Clathrus;s__Clathrus_ruber
SH118640.07FU_GQ981513_refs	k__Fungi;p__Basidiomycota;c__Agaricomycetes;o__Phallales;f__Phallaceae;g__Mutinus;s__Mutinus_caninus
SH113185.07FU_EU046087_reps	k__Fungi;p__Ascomycota;c__Archaeorhizomycetes;o__Archaeorhizomycetales;f__Archaeorhizomycetaceae;g__Archaeorhizomyces;s__Archaeorhizomyces_borealis
SH128761.07FU_AB385698_reps	k__Fungi;p__Ascomycota;c__Ascomycota_cls_Incertae_sedis;o__Ascomycota_ord_Incertae_sedis;f__Ascomycota_fam_Incertae_sedis;g__Verruconis;s__Verruconis_calidifluminalis
SH085548.07FU_AF444549_refs	k__Fungi;p__Basidiomycota;c__Agaricostilbomycetes;o__Spiculogloeales;f__Spiculogloeaceae;g__Phyllozyma;s__Phyllozyma_subbrunnea
SH101480.07FU_EF029193_reps	k__Fungi;p__Ascomycota;c__Sordariomycetes;o__Chaetosphaeriales;f__Chaetosphaeriaceae;g__Dictyochaeta;s__Dictyochaeta_simplex
SH105704.07FU_JQ044435_reps	k__Fungi;p__Ascomycota;c__Eurotiomycetes;o__Phaeomoniellales;f__Phaeomoniellaceae;g__Neophaeomoniella;s__Neophaeomoniella_niveniae
SH097880.07FU_DQ404354_reps	k__Fungi;p__Ascomycota;c__Sordariomycetes;o__Coniochaetales;f__Coniochaetaceae;g__Coniochaeta;s__Coniochaeta_luteoviridis
SH538886.07FU_KP413075_reps	k__Fungi;p__Basidiomycota;c__Entorrhizomycetes;o__Entorrhizales;f__Entorrhizaceae;g__Entorrhiza;s__Entorrhiza_casparyana
SH129936.07FU_AB665758_reps	k__Fungi;p__Chytridiomycota;c__Chytridiomycetes;o__Olpidiales;f__Olpidiaceae;g__Olpidium;s__Olpidium_bornovanus
SH094255.07FU_JX432963_refs	k__Fungi;p__Basidiomycota;c__Exobasidiomycetes;o__Exobasidiomycetidae_ord_Incertae_sedis;f__Exobasidiomycetidae_fam_Incertae_sedis;g__Meira;s__Meira_miltonrushii
SH456001.07FU_DQ645527_refs	k__Fungi;p__Basidiomycota;c__Entorrhizomycetes;o__Entorrhizales;f__Entorrhizaceae;g__Entorrhiza;s__Entorrhiza_citriformis
SH113355.07FU_JF927786_reps	k__Fungi;p__Ascomycota;c__Dothideomycetes;o__Microthyriales;f__Microthyriaceae;g__Tothia;s__Tothia_fuscella
SH097383.07FU_AB540576_reps	k__Fungi;p__Ascomycota;c__Sordariomycetes;o__Coniochaetales;f__Coniochaetales_fam_Incertae_sedis;g__Wallrothiella;s__Wallrothiella_subiculosa
SH088292.07FU_DQ534482_reps	k__Fungi;p__Ascomycota;c__Lecanoromycetes;o__Rhizocarpales;f__Rhizocarpaceae;g__Rhizocarpon;s__Rhizocarpon_geographicum
SH097884.07FU_AY618677_reps	k__Fungi;p__Ascomycota;c__Sordariomycetes;o__Coniochaetales;f__Coniochaetaceae;g__Coniochaeta;s__Coniochaeta_lignicola
SH097735.07FU_AF310189_reps	k__Fungi;p__Basidiomycota;c__Exobasidiomycetes;o__Tilletiales;f__Tilletiaceae;g__Tilletia;s__Tilletia_fusca
SH088577.07FU_AM901862_reps	k__Fungi;p__Basidiomycota;c__Ustilaginomycotina_cls_Incertae_sedis;o__Malasseziales;f__Malasseziaceae;g__Malassezia;s__Malassezia_globosa
SH107184.07FU_UDB016330_refs	k__Fungi;p__Basidiomycota;c__Agaricomycetes;o__Amylocorticiales;f__Amylocorticiaceae;g__Amylocorticium;s__Amylocorticium_subincarnatum
SH094259.07FU_EF694664_reps	k__Fungi;p__Basidiomycota;c__Exobasidiomycetes;o__Exobasidiomycetidae_ord_Incertae_sedis;f__Exobasidiomycetidae_fam_Incertae_sedis;g__Meira;s__Meira_argovae
SH133835.07FU_KJ728757_refs	k__Fungi;p__Basidiomycota;c__Exobasidiomycetes;o__Tilletiales;f__Tilletiaceae;g__Tilletia;s__Tilletia_ehrhartae
SH125225.07FU_AY292428_refs	k__Fungi;p__Basidiomycota;c__Pucciniomycetes;o__Helicobasidiales;f__Helicobasidiaceae;g__Helicobasidium;s__Helicobasidium_mompa
SH099645.07FU_GQ867773_reps	k__Fungi;p__Ascomycota;c__Eurotiomycetes;o__Ascosphaerales;f__Ascosphaeraceae;g__Ascosphaera;s__Ascosphaera_variegata
SH097403.07FU_JN882331_reps	k__Fungi;p__Chytridiomycota;c__Monoblepharidomycetes;o__Monoblepharidales;f__Monoblepharidaceae;g__Monoblepharis;s__Monoblepharis_hypogyna
SH458836.07FU_KF481955_reps	k__Fungi;p__Basidiomycota;c__Agaricomycetes;o__Phallales;f__Phallaceae;g__Itajahya;s__Itajahya_rosea
SH114479.07FU_KJ702364_reps	k__Fungi;p__Basidiomycota;c__Agaricomycetes;o__Phallales;f__Phallaceae;g__Clathrus;s__Clathrus_archeri
SH088583.07FU_JN882325_reps	k__Fungi;p__Basidiomycota;c__Ustilaginomycotina_cls_Incertae_sedis;o__Malasseziales;f__Malasseziaceae;g__Malassezia;s__Malassezia_globosa
SH085505.07FU_FJ612880_reps	k__Fungi;p__Ascomycota;c__Sordariomycetes;o__Chaetosphaeriales;f__Chaetosphaeriaceae;g__Chaetosphaeria;s__Chaetosphaeria_vermicularioides
SH536292.07FU_AB758893_reps	k__Fungi;p__Ascomycota;c__Dothideomycetes;o__Trypetheliales;f__Trypetheliaceae;g__Trypethelium;s__Trypethelium_eluteriae
SH086079.07FU_GU004189_reps	k__Fungi;p__Ascomycota;c__Leotiomycetes;o__Thelebolales;f__Thelebolaceae;g__Antarctomyces;s__Antarctomyces_psychrotrophicus
SH136168.07FU_JN943014_reps	k__Fungi;p__Chytridiomycota;c__Blastocladiomycetes;o__Blastocladiales;f__Blastocladiaceae;g__Blastocladiella;s__Blastocladiella_britannica
SH087494.07FU_KF312495_reps	k__Fungi;p__Neocallimastigomycota;c__Neocallimastigomycetes;o__Neocallimastigales;f__Neocallimastigaceae;g__Caecomyces;s__Caecomyces_communis
SH097873.07FU_JQ904603_reps	k__Fungi;p__Ascomycota;c__Sordariomycetes;o__Coniochaetales;f__Coniochaetaceae;g__Coniochaeta;s__Coniochaeta_fodinicola