Feature ID	Taxon	Confidence
SH094313.07FU_UDB000090_reps	k__Fungi;p__Basidiomycota;c__Agaricomycetes;o__Agaricales;f__Cortinariaceae;g__Cortinarius;s__Cortinarius_depressus	1.0
SH106612.07FU_FM999672_reps	k__Fungi;p__Basidiomycota;c__Agaricomycetes;o__Polyporales;f__Polyporaceae;g__Polyporus;s__Polyporus_varius	1.0
SH089937.07FU_JQ806418_reps	Unassigned	1.0
SH077011.07FU_AY818649_reps	k__Fungi;p__Basidiomycota;c__Agaricomycetes;o__Agaricales;f__Agaricaceae;g__Agaricus;s__Agaricus_augustus	1.0
SH538043.07FU_KP814559_reps	Unassigned	1.0
SH126514.07FU_AY235808_reps	Unassigned	1.0
SH092168.07FU_GQ411303_refs	k__Fungi;p__Ascomycota;c__Leotiomycetes;o__Helotiales;f__Helotiales_fam_Incertae_sedis;g__Cadophora;s__Cadophora_orchidicola	1.0
SH128982.07FU_JX968546_reps	Unassigned	1.0
SH464114.07FU_EU718127_reps	Unassigned	1.0
SH087877.07FU_HM005072_reps	Unassigned	1.0
SH125252.07FU_UDB018065_refs	Unassigned	1.0
SH082770.07FU_HM578870_reps	k__Fungi;p__Ascomycota;c__Lecanoromycetes;o__Lecanorales;f__Parmeliaceae;g__Xanthoparmelia;s__Xanthoparmelia_plittii	1.0
SH115786.07FU_JN813422_reps	Unassigned	1.0
SH088033.07FU_UDB018253_reps	k__Fungi;p__Ascomycota;c__Pezizomycotina_cls_Incertae_sedis;o__Pezizomycotina_ord_Incertae_sedis;f__Pezizomycotina_fam_Incertae_sedis;g__Abrothallus;s__Abrothallus_parmeliarum	1.0
SH113695.07FU_JN188011_refs	k__Fungi;p__Ascomycota;c__Sordariomycetes;o__Hypocreomycetidae_ord_Incertae_sedis;f__Plectosphaerellaceae;g__Verticillium;s__Verticillium_klebahnii	1.0
SH094980.07FU_UDB011538_refs	Unassigned	1.0
SH119703.07FU_AF482836_reps	k__Fungi;p__Basidiomycota;c__Agaricomycetes;o__Agaricales;f__Agaricaceae;g__Chlorophyllum;s__Chlorophyllum_globosum	1.0
SH086042.07FU_JF680900_refs	k__Fungi;p__Basidiomycota;c__Tremellomycetes;o__Trichosporonales;f__Trichosporonaceae;g__Cutaneotrichosporon;s__Cutaneotrichosporon_curvatus	1.0
SH118873.07FU_UDB011622_refs	Unassigned	1.0
SH080707.07FU_JQ797392_refs	Unassigned	1.0
SH101779.07FU_KF297977_reps	k__Fungi;p__Basidiomycota;c__Agaricomycetes;o__Auriculariales;f__Auriculariales_fam_Incertae_sedis;g__Auricularia;s__Auricularia_nigricans	1.0
SH082552.07FU_JX316435_reps	Unassigned	1.0
SH472066.07FU_JQ927218_reps	Unassigned	1.0
SH126558.07FU_AY999125_refs	Unassigned	1.0
SH122369.07FU_AB278163_reps	k__Fungi;p__Ascomycota;c__Saccharomycetes;o__Saccharomycetales;f__Pichiaceae;g__Pichia;s__Pichia_norvegensis	1.0
SH089206.07FU_AF126878_reps	k__Fungi;p__Basidiomycota;c__Agaricomycetes;o__Polyporales;f__Meruliaceae;g__Flaviporus;s__Flaviporus_citrinellus	1.0
SH123802.07FU_KR873260_refs	Unassigned	1.0
SH111469.07FU_EU722412_refs	k__Fungi;p__Ascomycota;c__Saccharomycetes;o__Saccharomycetales;f__Saccharomycetaceae;g__Kuraishia;s__Kuraishia_piskuri	1.0
SH098359.07FU_GU053960_reps	Unassigned	1.0
SH080925.07FU_UDB017846_reps	k__Fungi;p__Basidiomycota;c__Agaricomycetes;o__Thelephorales;f__Thelephoraceae;g__Tomentella;s__Tomentella_bryophila	1.0
SH077764.07FU_AY254152_reps	Unassigned	1.0
SH093044.07FU_AY228112_reps	k__Fungi;p__Ascomycota;c__Sordariomycetes;o__Microascales;f__Microascaceae;g__Pseudallescheria;s__Pseudallescheria_angusta	1.0
SH087471.07FU_KF144892_refs	k__Fungi;p__Ascomycota;c__Sordariomycetes;o__Sordariomycetidae_ord_Incertae_sedis;f__Apiosporaceae;g__Arthrinium;s__Arthrinium_xenocordella	1.0
SH134896.07FU_AB747653_refs	k__Fungi;p__Ascomycota;c__Saccharomycetes;o__Saccharomycetales;f__Lipomycetaceae;g__Lipomyces;s__Lipomyces_yarrowii	1.0
SH117782.07FU_AB807630_reps	k__Fungi;p__Ascomycota;c__Sordariomycetes;o__Hypocreales;f__Hypocreaceae;g__Trichoderma;s__Trichoderma_longibrachiatum	1.0
SH096267.07FU_AB054103_refs	k__Fungi;p__Ascomycota;c__Saccharomycetes;o__Saccharomycetales;f__Saccharomycetales_fam_Incertae_sedis;g__Schwanniomyces;s__Schwanniomyces_vanrijiae	1.0
SH076378.07FU_AY428786_reps	Unassigned	1.0
SH077408.07FU_UDB011776_refs	Unassigned	1.0
SH087977.07FU_GU478341_refs	k__Fungi;p__Basidiomycota;c__Agaricomycetes;o__Hymenochaetales;f__Hymenochaetaceae;g__Fomitiporia;s__Fomitiporia_punicata	1.0
SH134668.07FU_AY313282_refs	k__Fungi;p__Basidiomycota;c__Agaricomycetes;o__Agaricales;f__Omphalotaceae;g__Omphalotus;s__Omphalotus_olearius	1.0
SH101517.07FU_GU324743_reps	k__Fungi;p__Ascomycota;c__Sordariomycetes;o__Xylariales;f__Xylariaceae;g__Xylaria;s__Xylaria_primorskensis	1.0
SH080502.07FU_AF505773_reps	k__Fungi;p__Basidiomycota;c__Agaricomycetes;o__Agaricales;f__Omphalotaceae;g__Gymnopus;s__Gymnopus_confluens	1.0
SH100466.07FU_AB705237_reps	Unassigned	1.0
SH087757.07FU_AF321489_reps	k__Fungi;p__Basidiomycota;c__Agaricomycetes;o__Agaricales;f__Physalacriaceae;g__Oudemansiella;s__Oudemansiella_melanotricha	1.0
SH135458.07FU_AY669629_reps	k__Fungi;p__Basidiomycota;c__Agaricomycetes;o__Agaricales;f__Cortinariaceae;g__Cortinarius;s__Cortinarius_anauensis	1.0
SH127722.07FU_HM069406_reps	k__Fungi;p__Zygomycota;c__Mucoromycotina_cls_Incertae_sedis;o__Mucorales;f__Umbelopsidaceae;g__Umbelopsis;s__Umbelopsis_vinacea	1.0
SH132317.07FU_FJ845411_reps	Unassigned	1.0
SH135583.07FU_KC520544_reps	Unassigned	1.0
SH089998.07FU_HM562152_refs	k__Fungi;p__Basidiomycota;c__Agaricomycetes;o__Agaricales;f__Pluteaceae;g__Pluteus;s__Pluteus_alniphilus	1.0
SH129877.07FU_AB114223_refs	Unassigned	1.0
SH090032.07FU_JX623898_refs	Unassigned	1.0
SH092578.07FU_KC011060_refs	k__Fungi;p__Ascomycota;c__Lecanoromycetes;o__Peltigerales;f__Lobariaceae;g__Lobariella;s__Lobariella_pallida	1.0
SH093633.07FU_GU207282_reps	k__Fungi;p__Basidiomycota;c__Agaricomycetes;o__Polyporales;f__Polyporaceae;g__Lentinus;s__Lentinus_crinitus	1.0
SH121111.07FU_JQ836559_refs	Unassigned	1.0
SH110945.07FU_KC815905_reps	k__Fungi;p__Ascomycota;c__Dothideomycetes;o__Pleosporales;f__Pleosporales_fam_Incertae_sedis;g__Mycocentrospora;s__Mycocentrospora_acerina	1.0
SH088037.07FU_KF816169_reps	Unassigned	1.0
SH114390.07FU_KC294319_reps	k__Fungi;p__Basidiomycota;c__Tremellomycetes;o__Tremellales;f__Tremellales_fam_Incertae_sedis;g__Papiliotrema;s__Papiliotrema_terrestris	1.0
SH133281.07FU_UDB018159_refs	Unassigned	1.0
SH109590.07FU_KC343127_reps	k__Fungi;p__Ascomycota;c__Sordariomycetes;o__Diaporthales;f__Diaporthaceae;g__Diaporthe;s__Diaporthe_schini	1.0
SH134225.07FU_AF350306_reps	k__Fungi;p__Ascomycota;c__Lecanoromycetes;o__Peltigerales;f__Lobariaceae;g__Sticta;s__Sticta_hypochra	1.0
SH133645.07FU_KJ535438_reps	k__Fungi;p__Basidiomycota;c__Agaricomycetes;o__Agaricales;f__Amanitaceae;g__Amanita;s__Amanita_flavorubescens	1.0
SH097243.07FU_AF057641_reps	k__Fungi;p__Ascomycota;c__Sordariomycetes;o__Hypocreales;f__Hypocreaceae;g__Trichoderma;s__Trichoderma_harzianum	1.0
SH105188.07FU_JQ700296_refs	k__Fungi;p__Basidiomycota;c__Agaricomycetes;o__Polyporales;f__Fomitopsidaceae;g__Daedalea;s__Daedalea_dickinsii	1.0
SH109656.07FU_FJ627212_reps	k__Fungi;p__Basidiomycota;c__Agaricomycetes;o__Russulales;f__Bondarzewiaceae;g__Heterobasidion;s__Heterobasidion_linzhiense	1.0
SH079110.07FU_AF444475_refs	Unassigned	1.0
SH128062.07FU_FJ515186_reps	k__Fungi;p__Basidiomycota;c__Microbotryomycetes;o__Sporidiobolales;f__Sporidiobolales_fam_Incertae_sedis;g__Rhodotorula;s__Rhodotorula_toruloides	1.0
SH118335.07FU_AY243645_refs	Unassigned	1.0
SH080461.07FU_UDB015664_refs	k__Fungi;p__Basidiomycota;c__Agaricomycetes;o__Agaricales;f__Strophariaceae;g__Stropharia;s__Stropharia_hornemannii	1.0
SH094298.07FU_JX630548_reps	k__Fungi;p__Basidiomycota;c__Agaricomycetes;o__Agaricales;f__Cortinariaceae;g__Cortinarius;s__Cortinarius_ferrugineovelatus	1.0
SH110673.07FU_HM152006_reps	Unassigned	1.0
SH086183.07FU_KF955295_reps	k__Fungi;p__Ascomycota;c__Dothideomycetes;o__Botryosphaeriales;f__Botryosphaeriaceae;g__Phyllosticta;s__Phyllosticta_maculata	1.0
SH537802.07FU_LN810810_reps	k__Fungi;p__Ascomycota;c__Lecanoromycetes;o__Acarosporales;f__Acarosporaceae;g__Polysporina;s__Polysporina_subfuscescens	1.0
SH097038.07FU_UDB000396_refs	k__Fungi;p__Basidiomycota;c__Agaricomycetes;o__Russulales;f__Russulaceae;g__Lactifluus;s__Lactifluus_vellereus	1.0
SH120358.07FU_AY170775_reps	k__Fungi;p__Ascomycota;c__Lecanoromycetes;o__Lecanorales;f__Cladoniaceae;g__Cladonia;s__Cladonia_arbuscula_subsp._beringiana	1.0
SH118439.07FU_UDB015180_refs	k__Fungi;p__Basidiomycota;c__Agaricomycetes;o__Agaricales;f__Amanitaceae;g__Amanita;s__Amanita_friabilis	1.0
SH548635.07FU_KM975397_reps	Unassigned	1.0
SH543017.07FU_KP257167_reps	k__Fungi;p__Basidiomycota;c__Agaricomycetes;o__Agaricales;f__Agaricales_fam_Incertae_sedis;g__Camarophyllopsis;s__Camarophyllopsis_foetens	1.0
SH100011.07FU_FJ375328_reps	k__Fungi;p__Basidiomycota;c__Agaricomycetes;o__Agaricales;f__Amanitaceae;g__Amanita;s__Amanita_phalloides	1.0
SH119067.07FU_JQ889280_refs	Unassigned	1.0
SH116886.07FU_JX681038_reps	Unassigned	1.0
SH095062.07FU_KF644372_reps	k__Fungi;p__Ascomycota;c__Lecanoromycetes;o__Lecanorales;f__Stereocaulaceae;g__Stereocaulon;s__Stereocaulon_pileatum	1.0
SH097381.07FU_DQ682585_reps	k__Fungi;p__Ascomycota;c__Sordariomycetes;o__Hypocreales;f__Hypocreales_fam_Incertae_sedis;g__Acremonium;s__Acremonium_stromaticum	1.0
SH104122.07FU_FJ810144_reps	k__Fungi;p__Basidiomycota;c__Agaricomycetes;o__Russulales;f__Stereaceae;g__Stereum;s__Stereum_sanguinolentum	1.0
SH549639.07FU_KP942882_reps	Unassigned	1.0
SH119023.07FU_FJ860737_refs	Unassigned	1.0
SH122530.07FU_HM239785_reps	Unassigned	1.0
SH097880.07FU_DQ404354_reps	k__Fungi;p__Ascomycota;c__Sordariomycetes;o__Coniochaetales;f__Coniochaetaceae;g__Coniochaeta;s__Coniochaeta_lignicola	1.0
SH126286.07FU_FJ820710_reps	Unassigned	1.0
SH100354.07FU_JQ926256_refs	k__Fungi;p__Ascomycota;c__Sordariomycetes;o__Diaporthales;f__Melanconidaceae;g__Melanconiella;s__Melanconiella_chrysodiscosporina	1.0
SH102534.07FU_KC774575_refs	k__Fungi;p__Ascomycota;c__Sordariomycetes;o__Xylariales;f__Xylariaceae;g__Lopadostoma;s__Lopadostoma_dryophilum	1.0
SH092841.07FU_KC785595_reps	k__Fungi;p__Basidiomycota;c__Agaricomycetes;o__Polyporales;f__Polyporaceae;g__Skeletocutis;s__Skeletocutis_chrysella	1.0
SH099213.07FU_KC862286_reps	Unassigned	1.0
SH100416.07FU_GU480000_refs	Unassigned	1.0
SH085141.07FU_UDB002450_reps	k__Fungi;p__Basidiomycota;c__Agaricomycetes;o__Boletales;f__Boletaceae;g__Leccinum;s__Leccinum_scabrum	1.0
SH112643.07FU_KC732698_reps	k__Fungi;p__Ascomycota;c__Lecanoromycetes;o__Peltigerales;f__Lobariaceae;g__Sticta;s__Sticta_beauvoisii	1.0
SH129508.07FU_UDB016263_refs	Unassigned	1.0
SH081823.07FU_FR731392_reps	Unassigned	1.0
SH090615.07FU_JQ754023_reps	k__Fungi;p__Ascomycota;c__Sordariomycetes;o__Diaporthales;f__Diaporthaceae;g__Diaporthe;s__Diaporthe_infecunda	1.0
SH110029.07FU_UDB011633_refs	Unassigned	1.0
SH542015.07FU_KT949899_reps	Unassigned	1.0
SH086944.07FU_UDB000418_refs	k__Fungi;p__Basidiomycota;c__Agaricomycetes;o__Boletales;f__Boletaceae;g__Boletus;s__Boletus_pulchrotinctus	1.0
SH111977.07FU_FR750171_refs	k__Fungi;p__Glomeromycota;c__Glomeromycetes;o__Diversisporales;f__Acaulosporaceae;g__Acaulospora;s__Acaulospora_entreriana	1.0
SH124397.07FU_KJ162271_reps	k__Fungi;p__Ascomycota;c__Lecanoromycetes;o__Lecideales;f__Porpidiaceae;g__Porpidia;s__Porpidia_crustulata	1.0
SH098269.07FU_LT000112_reps	Unassigned	1.0
SH102720.07FU_KJ679497_reps	k__Fungi;p__Ascomycota;c__Sordariomycetes;o__Sordariales;f__Chaetomiaceae;g__Chaetomium;s__Chaetomium_erectum	1.0
SH133122.07FU_UDB025111_reps	k__Fungi;p__Basidiomycota;c__Agaricomycetes;o__Agaricales;f__Tricholomataceae;g__Tricholoma;s__Tricholoma_equestre	1.0
SH133258.07FU_JF908434_reps	Unassigned	1.0
SH113486.07FU_UDB018069_refs	Unassigned	1.0
SH544014.07FU_JQ085301_reps	k__Fungi;p__Ascomycota;c__Lecanoromycetes;o__Lecanorales;f__Ramalinaceae;g__Ramalina;s__Ramalina_sinensis	1.0
SH539300.07FU_KF774139_reps	Unassigned	1.0
SH110234.07FU_HQ212340_reps	k__Fungi;p__Ascomycota;c__Leotiomycetes;o__Helotiales;f__Hyaloscyphaceae;g__Lachnum;s__Lachnum_pygmaeum	1.0
SH085726.07FU_EU045440_reps	Unassigned	1.0
SH538844.07FU_LC014591_reps	Unassigned	1.0
SH115122.07FU_UDB003309_refs	k__Fungi;p__Basidiomycota;c__Agaricomycetes;o__Thelephorales;f__Thelephoraceae;g__Tomentella;s__Tomentella_botryoides	1.0
SH127639.07FU_FJ491471_refs	Unassigned	1.0
SH090727.07FU_KC343120_reps	k__Fungi;p__Ascomycota;c__Sordariomycetes;o__Diaporthales;f__Diaporthaceae;g__Diaporthe;s__Diaporthe_convolvuli	1.0
SH076382.07FU_KF689645_reps	Unassigned	1.0
SH121289.07FU_FR799199_reps	Unassigned	1.0
SH105671.07FU_DQ857760_reps	k__Fungi;p__Ascomycota;c__Saccharomycetes;o__Saccharomycetales;f__Saccharomycetales_fam_Incertae_sedis;g__Candida;s__Candida_parapsilosis	1.0
SH539783.07FU_LC056764_reps	Unassigned	1.0
SH097957.07FU_JN367289_reps	Unassigned	1.0
SH089040.07FU_HQ843177_refs	k__Fungi;p__Basidiomycota;c__Agaricomycetes;o__Agaricales;f__Cortinariaceae;g__Cortinarius;s__Cortinarius_elotoides	1.0
SH542648.07FU_KP026235_reps	Unassigned	1.0
SH085508.07FU_AF486131_refs	Unassigned	1.0
SH111032.07FU_AB080537_refs	k__Fungi;p__Ascomycota;c__Leotiomycetes;o__Erysiphales;f__Erysiphaceae;g__Phyllactinia;s__Phyllactinia_fraxini	1.0
SH122646.07FU_DQ103550_refs	k__Fungi;p__Ascomycota;c__Dothideomycetes;o__Botryosphaeriales;f__Botryosphaeriaceae;g__Lasiodiplodia;s__Lasiodiplodia_margaritacea	1.0
SH127648.07FU_AJ874126_reps	k__Fungi;p__Ascomycota;c__Eurotiomycetes;o__Eurotiales;f__Trichocomaceae;g__Aspergillus;s__Aspergillus_flavus	1.0
SH120483.07FU_JQ760904_refs	Unassigned	1.0
SH083304.07FU_HQ604364_reps	Unassigned	1.0
SH476791.07FU_GU187532_reps	Unassigned	1.0
SH083297.07FU_UDB015076_refs	Unassigned	1.0
SH117175.07FU_AB970973_reps	Unassigned	1.0
SH104518.07FU_UDB001531_reps	k__Fungi;p__Basidiomycota;c__Agaricomycetes;o__Agaricales;f__Clavariaceae;g__Clavaria;s__Clavaria_fumosa	1.0
SH080003.07FU_KJ706604_reps	k__Fungi;p__Ascomycota;c__Saccharomycetes;o__Saccharomycetales;f__Saccharomycodaceae;g__Hanseniaspora;s__Hanseniaspora_guilliermondii	1.0
SH104593.07FU_DQ389721_reps	Unassigned	1.0
SH097758.07FU_AB115036_reps	k__Fungi;p__Basidiomycota;c__Agaricomycetes;o__Agaricales;f__Pleurotaceae;g__Pleurotus;s__Pleurotus_cystidiosus	1.0
SH127396.07FU_EU623745_refs	k__Fungi;p__Basidiomycota;c__Agaricomycetes;o__Agaricales;f__Marasmiaceae;g__Megacollybia;s__Megacollybia_rodmanii	1.0
SH120283.07FU_AJ247551_reps	Unassigned	1.0
SH128583.07FU_FJ357312_reps	k__Fungi;p__Ascomycota;c__Dothideomycetes;o__Pleosporales;f__Pleosporaceae;g__Alternaria;s__Alternaria_leucanthemi	1.0
SH077321.07FU_JX905543_refs	Unassigned	1.0
SH543615.07FU_UDB024134_reps	k__Fungi;p__Basidiomycota;c__Agaricomycetes;o__Gomphales;f__Gomphaceae;g__Ramaria;s__Ramaria_flavobrunnescens	1.0
SH131022.07FU_JQ751217_refs	k__Fungi;p__Basidiomycota;c__Agaricomycetes;o__Agaricales;f__Strophariaceae;g__Hebeloma;s__Hebeloma_parvicystidiatum	1.0
SH115469.07FU_AB030335_refs	k__Fungi;p__Basidiomycota;c__Cystobasidiomycetes;o__Cystobasidiomycetes_ord_Incertae_sedis;f__Symmetrosporaceae;g__Symmetrospora;s__Symmetrospora_marina	1.0
SH125815.07FU_KC791080_reps	k__Fungi;p__Basidiomycota;c__Agaricomycetes;o__Russulales;f__Russulaceae;g__Lactarius;s__Lactarius_vinaceorufescens	1.0
SH097804.07FU_EU645651_reps	Unassigned	1.0
SH094475.07FU_UDB000071_reps	k__Fungi;p__Basidiomycota;c__Agaricomycetes;o__Agaricales;f__Cortinariaceae;g__Cortinarius;s__Cortinarius_rigens	1.0
SH122748.07FU_EU402585_reps	k__Fungi;p__Basidiomycota;c__Agaricomycetes;o__Polyporales;f__Fomitopsidaceae;g__Phaeolus;s__Phaeolus_schweinitzii	1.0
SH124883.07FU_EU523554_reps	Unassigned	1.0
SH092525.07FU_FJ493242_reps	k__Fungi;p__Ascomycota;c__Leotiomycetes;o__Helotiales;f__Dermateaceae;g__Diplocarpon;s__Diplocarpon_rosae	1.0
SH124632.07FU_KM231842_refs	Unassigned	1.0
SH116537.07FU_AB694921_reps	Unassigned	1.0
SH120615.07FU_KJ608090_reps	Unassigned	1.0
SH103391.07FU_JF700867_refs	k__Fungi;p__Ascomycota;c__Dothideomycetes;o__Dothideomycetes_ord_Incertae_sedis;f__Dothideomycetes_fam_Incertae_sedis;g__Zymoseptoria;s__Zymoseptoria_halophila	1.0
SH549483.07FU_KR058783_reps	Unassigned	1.0
SH127548.07FU_AF314971_refs	Unassigned	1.0
SH128922.07FU_JX241668_reps	k__Fungi;p__Zygomycota;c__Mucoromycotina_cls_Incertae_sedis;o__Mucorales;f__Rhizopodaceae;g__Rhizopus;s__Rhizopus_stolonifer	1.0
SH119265.07FU_EU696866_reps	Unassigned	1.0
SH135657.07FU_GU233344_refs	k__Fungi;p__Basidiomycota;c__Agaricomycetes;o__Agaricales;f__Cortinariaceae;g__Cortinarius;s__Cortinarius_lubricanescens	1.0
SH092162.07FU_AF487895_refs	k__Fungi;p__Ascomycota;c__Pezizomycotina_cls_Incertae_sedis;o__Pezizomycotina_ord_Incertae_sedis;f__Pezizomycotina_fam_Incertae_sedis;g__Polyscytalum;s__Polyscytalum_pustulans	1.0
SH543006.07FU_KP403091_reps	k__Fungi;p__Basidiomycota;c__Agaricomycetes;o__Boletales;f__Suillaceae;g__Suillus;s__Suillus_placidus	1.0
SH078446.07FU_AJ567781_reps	k__Fungi;p__Glomeromycota;c__Glomeromycetes;o__Glomerales;f__Glomeraceae;g__Glomus;s__Glomus_invermaium	1.0
SH127433.07FU_UDB011740_refs	k__Fungi;p__Basidiomycota;c__Agaricomycetes;o__Agaricales;f__Tricholomataceae;g__Melanoleuca;s__Melanoleuca_communis	1.0
SH103542.07FU_HM034853_reps	k__Fungi;p__Ascomycota;c__Sordariomycetes;o__Xylariales;f__Xylariaceae;g__Muscodor;s__Muscodor_fengyangensis	1.0
SH103637.07FU_JQ812706_refs	k__Fungi;p__Ascomycota;c__Saccharomycetes;o__Saccharomycetales;f__Saccharomycetales_fam_Incertae_sedis;g__Candida;s__Candida_hungchunana	1.0
SH078130.07FU_JF820488_reps	k__Fungi;p__Glomeromycota;c__Glomeromycetes;o__Glomerales;f__Glomeraceae;g__Rhizophagus;s__Rhizophagus_irregularis	1.0
SH126522.07FU_JQ693546_refs	Unassigned	1.0
SH135643.07FU_KF732460_refs	k__Fungi;p__Basidiomycota;c__Agaricomycetes;o__Agaricales;f__Cortinariaceae;g__Cortinarius;s__Cortinarius_alticaudus	1.0
SH118941.07FU_AF106531_reps	Unassigned	1.0
SH107548.07FU_JF908264_refs	Unassigned	1.0
SH086471.07FU_AY751560_refs	k__Fungi;p__Basidiomycota;c__Agaricomycetes;o__Russulales;f__Russulaceae;g__Lactarius;s__Lactarius_subdulcis	1.0
SH105180.07FU_HM536100_reps	k__Fungi;p__Basidiomycota;c__Agaricomycetes;o__Gloeophyllales;f__Gloeophyllaceae;g__Veluticeps;s__Veluticeps_abietina	1.0
SH109145.07FU_KJ706641_reps	k__Fungi;p__Basidiomycota;c__Microbotryomycetes;o__Microbotryomycetes_ord_Incertae_sedis;f__Microbotryomycetes_fam_Incertae_sedis;g__Trigonosporomyces;s__Trigonosporomyces_hylophilus	1.0
SH099546.07FU_KF800251_reps	Unassigned	1.0
SH093827.07FU_KC147677_reps	k__Fungi;p__Basidiomycota;c__Agaricomycetes;o__Agaricales;f__Pluteaceae;g__Pluteus;s__Pluteus_semibulbosus	1.0
SH089587.07FU_GU258241_refs	Unassigned	1.0
SH080133.07FU_UDB011365_reps	k__Fungi;p__Basidiomycota;c__Agaricomycetes;o__Russulales;f__Russulaceae;g__Russula;s__Russula_romellii	1.0
SH113467.07FU_KF800391_reps	k__Fungi;p__Ascomycota;c__Dothideomycetes;o__Pleosporales;f__Pleosporales_fam_Incertae_sedis;g__Phoma;s__Phoma_moricola	1.0
SH106273.07FU_HM461078_refs	k__Fungi;p__Basidiomycota;c__Agaricomycetes;o__Russulales;f__Amylostereaceae;g__Amylostereum;s__Amylostereum_ferreum	1.0
SH129371.07FU_HE687135_reps	k__Fungi;p__Basidiomycota;c__Agaricomycetes;o__Thelephorales;f__Thelephoraceae;g__Tomentella;s__Tomentella_fuscocinerea	1.0
SH089814.07FU_JQ272438_reps	Unassigned	1.0
SH092537.07FU_EU644705_reps	Unassigned	1.0
SH135293.07FU_FJ717554_refs	k__Fungi;p__Basidiomycota;c__Agaricomycetes;o__Agaricales;f__Cortinariaceae;g__Cortinarius;s__Cortinarius_perrugatus	1.0
SH542080.07FU_KM591585_refs	Unassigned	1.0
SH076704.07FU_GU292819_reps	Unassigned	1.0
SH094301.07FU_UDB001452_refs	k__Fungi;p__Basidiomycota;c__Agaricomycetes;o__Agaricales;f__Cortinariaceae;g__Cortinarius;s__Cortinarius_brunneifolius	1.0
SH094306.07FU_UDB001006_refs	k__Fungi;p__Basidiomycota;c__Agaricomycetes;o__Agaricales;f__Cortinariaceae;g__Cortinarius;s__Cortinarius_alnetorum	1.0
SH135364.07FU_DQ083813_reps	k__Fungi;p__Basidiomycota;c__Agaricomycetes;o__Agaricales;f__Cortinariaceae;g__Cortinarius;s__Cortinarius_pseudocephalixus	1.0
SH121933.07FU_AB570313_reps	Unassigned	1.0
SH089697.07FU_UDB023589_refs	Unassigned	1.0
SH104283.07FU_EU784380_reps	k__Fungi;p__Ascomycota;c__Pezizomycetes;o__Pezizales;f__Pyronemataceae;g__Otidea;s__Otidea_alutacea	1.0
SH133642.07FU_FJ596867_reps	k__Fungi;p__Basidiomycota;c__Agaricomycetes;o__Agaricales;f__Amanitaceae;g__Amanita;s__Amanita_citrina	1.0
SH135382.07FU_KF732554_refs	k__Fungi;p__Basidiomycota;c__Agaricomycetes;o__Agaricales;f__Cortinariaceae;g__Cortinarius;s__Cortinarius_olympianus	1.0
SH134482.07FU_UDB014602_reps	k__Fungi;p__Basidiomycota;c__Agaricomycetes;o__Agaricales;f__Inocybaceae;g__Inocybe;s__Inocybe_rimosa	1.0
SH077315.07FU_KF732296_refs	k__Fungi;p__Basidiomycota;c__Agaricomycetes;o__Agaricales;f__Cortinariaceae;g__Cortinarius;s__Cortinarius_cyanites	1.0
SH132446.07FU_AJ496625_reps	Unassigned	1.0
SH120881.07FU_JN791620_refs	k__Fungi;p__Ascomycota;c__Dothideomycetes;o__Botryosphaeriales;f__Botryosphaeriaceae;g__Phyllosticta;s__Phyllosticta_cussoniae	1.0
SH091249.07FU_AF180177_reps	Unassigned	1.0
SH106237.07FU_DQ278919_refs	Unassigned	1.0
SH536360.07FU_KP224322_reps	k__Fungi;p__Basidiomycota;c__Agaricomycetes;o__Agaricales;f__Amanitaceae;g__Amanita;s__Amanita_vaginata_var._alba	1.0
SH127315.07FU_UDB015725_refs	Unassigned	1.0
SH101776.07FU_EU520072_reps	Unassigned	1.0
SH097733.07FU_AF398457_reps	k__Fungi;p__Basidiomycota;c__Exobasidiomycetes;o__Tilletiales;f__Tilletiaceae;g__Tilletia;s__Tilletia_elymi	1.0
SH541032.07FU_KP165543_refs	k__Fungi;p__Basidiomycota;c__Agaricomycetes;o__Agaricales;f__Cortinariaceae;g__Cortinarius;s__Cortinarius_diasemospermus	1.0
SH128067.07FU_KJ706636_reps	k__Fungi;p__Basidiomycota;c__Microbotryomycetes;o__Sporidiobolales;f__Sporidiobolales_fam_Incertae_sedis;g__Rhodotorula;s__Rhodotorula_babjevae	1.0
SH102308.07FU_KF689877_reps	Unassigned	1.0
SH098268.07FU_LT000159_reps	Unassigned	1.0
SH092643.07FU_UDB002498_refs	Unassigned	1.0
SH135498.07FU_U56074_reps	k__Fungi;p__Basidiomycota;c__Agaricomycetes;o__Agaricales;f__Cortinariaceae;g__Cortinarius;s__Cortinarius_cinnamomeus	1.0
SH108814.07FU_AF250825_reps	Unassigned	1.0
SH124282.07FU_EU040217_reps	Unassigned	1.0
SH096002.07FU_KJ676459_reps	k__Fungi;p__Ascomycota;c__Sordariomycetes;o__Sordariomycetidae_ord_Incertae_sedis;f__Glomerellaceae;g__Colletotrichum;s__Colletotrichum_xanthorrhoeae	1.0
SH078723.07FU_JX109851_reps	Unassigned	1.0
SH101625.07FU_DQ384583_refs	k__Fungi;p__Basidiomycota;c__Agaricomycetes;o__Agaricales;f__Amanitaceae;g__Amanita;s__Amanita_olivaceogrisea	1.0
SH086147.07FU_AF385450_refs	Unassigned	1.0
SH114416.07FU_FM178254_reps	Unassigned	1.0
SH093755.07FU_JX173299_reps	Unassigned	1.0
SH082320.07FU_KF017939_reps	Unassigned	1.0
SH133832.07FU_KF291103_refs	Unassigned	1.0
SH131166.07FU_AB071613_reps	k__Fungi;p__Basidiomycota;c__Agaricomycetes;o__Agaricales;f__Psathyrellaceae;g__Coprinopsis;s__Coprinopsis_echinospora	1.0
SH088900.07FU_DQ400160_reps	k__Fungi;p__Glomeromycota;c__Glomeromycetes;o__Glomerales;f__Glomeraceae;g__Funneliformis;s__Funneliformis_mosseae	1.0
SH135404.07FU_AY669620_reps	k__Fungi;p__Basidiomycota;c__Agaricomycetes;o__Agaricales;f__Cortinariaceae;g__Cortinarius;s__Cortinarius_iringa	1.0
SH131647.07FU_JX178633_reps	k__Fungi;p__Basidiomycota;c__Agaricomycetes;o__Agaricales;f__Tricholomataceae;g__Tricholoma;s__Tricholoma_saponaceum	1.0
SH091727.07FU_KC791050_reps	Unassigned	1.0
SH085090.07FU_KJ024098_reps	Unassigned	1.0
SH122995.07FU_JN621911_reps	k__Fungi;p__Ascomycota;c__Lecanoromycetes;o__Lecanorales;f__Cladoniaceae;g__Cladonia;s__Cladonia_acuminata	1.0
SH088583.07FU_JN882325_reps	k__Fungi;p__Basidiomycota;c__Ustilaginomycotina_cls_Incertae_sedis;o__Malasseziales;f__Malasseziaceae;g__Malassezia;s__Malassezia_globosa	1.0
SH079328.07FU_UDB000350_refs	k__Fungi;p__Basidiomycota;c__Agaricomycetes;o__Russulales;f__Russulaceae;g__Russula;s__Russula_claroflava	1.0
SH086473.07FU_KF432983_refs	k__Fungi;p__Basidiomycota;c__Agaricomycetes;o__Russulales;f__Russulaceae;g__Lactarius;s__Lactarius_hepaticus	1.0
SH102336.07FU_UDB019517_refs	Unassigned	1.0
SH086332.07FU_JN197640_reps	k__Fungi;p__Basidiomycota;c__Agaricomycetes;o__Russulales;f__Russulaceae;g__Lactarius;s__Lactarius_uvidus	1.0
SH091234.07FU_UDB015365_refs	Unassigned	1.0
SH114606.07FU_HQ696883_reps	k__Fungi;p__Ascomycota;c__Sordariomycetes;o__Hypocreales;f__Nectriaceae;g__Fusarium;s__Fusarium_pseudensiforme	1.0
SH077708.07FU_KC992927_refs	k__Fungi;p__Basidiomycota;c__Agaricomycetes;o__Agaricales;f__Psathyrellaceae;g__Psathyrella;s__Psathyrella_caput-medusae	1.0
SH135255.07FU_KF732534_refs	k__Fungi;p__Basidiomycota;c__Agaricomycetes;o__Agaricales;f__Cortinariaceae;g__Cortinarius;s__Cortinarius_infractus	1.0
SH111281.07FU_UDB005834_reps	k__Fungi;p__Basidiomycota;c__Agaricomycetes;o__Russulales;f__Russulaceae;g__Russula;s__Russula_pectinatoides	1.0
SH132203.07FU_UDB025145_reps	k__Fungi;p__Basidiomycota;c__Agaricomycetes;o__Russulales;f__Russulaceae;g__Russula;s__Russula_turci	1.0
SH089622.07FU_HM635704_reps	k__Fungi;p__Basidiomycota;c__Agaricomycetes;o__Hymenochaetales;f__Hymenochaetaceae;g__Phellinus;s__Phellinus_gabonensis	1.0
SH082778.07FU_HM579015_reps	k__Fungi;p__Ascomycota;c__Lecanoromycetes;o__Lecanorales;f__Parmeliaceae;g__Xanthoparmelia;s__Xanthoparmelia_chlorochroa	1.0
SH121126.07FU_HQ604261_reps	Unassigned	1.0
SH097470.07FU_AB711999_reps	k__Fungi;p__Basidiomycota;c__Agaricomycetes;o__Agaricales;f__Mycenaceae;g__Xeromphalina;s__Xeromphalina_kauffmanii	1.0
SH100029.07FU_AY004801_reps	Unassigned	1.0
SH111201.07FU_AF454430_reps	Unassigned	1.0
SH553972.07FU_KP859044_reps	Unassigned	1.0
SH111484.07FU_FJ820649_reps	k__Fungi;p__Basidiomycota;c__Agaricomycetes;o__Hymenochaetales;f__Schizoporaceae;g__Hyphodontia;s__Hyphodontia_subalutacea	1.0
SH126340.07FU_KF764569_refs	k__Fungi;p__Ascomycota;c__Sordariomycetes;o__Diaporthales;f__Togniniaceae;g__Phaeoacremonium;s__Phaeoacremonium_occidentale	1.0
SH097096.07FU_EU514225_refs	Unassigned	1.0
SH077213.07FU_JF514531_reps	k__Fungi;p__Basidiomycota;c__Agaricomycetes;o__Agaricales;f__Agaricaceae;g__Agaricus;s__Agaricus_bingensis	1.0
SH081553.07FU_JX310412_reps	Unassigned	1.0
SH097218.07FU_FJ648199_reps	k__Fungi;p__Ascomycota;c__Sordariomycetes;o__Hypocreales;f__Hypocreaceae;g__Trichoderma;s__Trichoderma_virens	1.0
SH543140.07FU_KJ862366_refs	Unassigned	1.0
SH106293.07FU_AF332125_reps	Unassigned	1.0
SH129222.07FU_KF264643_reps	Unassigned	1.0
SH109816.07FU_AY461831_reps	k__Fungi;p__Basidiomycota;c__Agaricomycetes;o__Agaricales;f__Agaricaceae;g__Coprinus;s__Coprinus_cordisporus	1.0
SH539253.07FU_KP132463_reps	Unassigned	1.0
SH132402.07FU_DQ192181_refs	Unassigned	1.0
SH130968.07FU_GU591646_reps	k__Fungi;p__Basidiomycota;c__Agaricomycetes;o__Agaricales;f__Strophariaceae;g__Hebeloma;s__Hebeloma_radicosum	1.0
SH089225.07FU_DQ482017_reps	k__Fungi;p__Basidiomycota;c__Agaricomycetes;o__Thelephorales;f__Thelephoraceae;g__Tomentella;s__Tomentella_sublilacina	1.0
SH102232.07FU_JQ014007_reps	Unassigned	1.0
SH135345.07FU_FJ717526_reps	k__Fungi;p__Basidiomycota;c__Agaricomycetes;o__Agaricales;f__Cortinariaceae;g__Cortinarius;s__Cortinarius_pseudofervidus	1.0
SH545683.07FU_KP224467_reps	Unassigned	1.0
SH092392.07FU_AF250821_reps	k__Fungi;p__Ascomycota;c__Dothideomycetes;o__Pleosporales;f__Montagnulaceae;g__Paraphaeosphaeria;s__Paraphaeosphaeria_angularis	1.0
SH119571.07FU_UDB011415_refs	Unassigned	1.0
SH089202.07FU_JX287357_reps	Unassigned	1.0
SH102918.07FU_DQ923533_refs	k__Fungi;p__Ascomycota;c__Dothideomycetes;o__Botryosphaeriales;f__Botryosphaeriaceae;g__Dichomera;s__Dichomera_versiformis	1.0
SH121417.07FU_KC581969_reps	Unassigned	1.0
SH082987.07FU_JX968249_reps	k__Fungi;p__Basidiomycota;c__Agaricomycetes;o__Agaricales;f__Bolbitiaceae;g__Bolbitius;s__Bolbitius_reticulatus	1.0
SH552987.07FU_KJ654549_reps	k__Fungi;p__Basidiomycota;c__Agaricomycetes;o__Polyporales;f__Ganodermataceae;g__Ganoderma;s__Ganoderma_lobatum	1.0
SH108188.07FU_JN411113_refs	Unassigned	1.0
SH084187.07FU_JF923609_reps	k__Fungi;p__Ascomycota;c__Lecanoromycetes;o__Lecanorales;f__Ramalinaceae;g__Ramalina;s__Ramalina_inflata_subsp._australis	1.0
SH544307.07FU_KU199240_reps	Unassigned	1.0
SH128259.07FU_EF619545_reps	k__Fungi;p__Ascomycota;c__Lecanoromycetes;o__Lecanorales;f__Stereocaulaceae;g__Lepraria;s__Lepraria_elobata	1.0
SH540743.07FU_KP636820_reps	k__Fungi;p__Basidiomycota;c__Agaricomycetes;o__Agaricales;f__Inocybaceae;g__Inocybe;s__Inocybe_serrata	1.0
SH099467.07FU_AF279765_reps	k__Fungi;p__Ascomycota;c__Lecanoromycetes;o__Teloschistales;f__Teloschistaceae;g__Xanthoria;s__Xanthoria_elegans	1.0
SH134720.07FU_UDB017922_reps	k__Fungi;p__Basidiomycota;c__Agaricomycetes;o__Agaricales;f__Entolomataceae;g__Entoloma;s__Entoloma_cetratum	1.0
SH544543.07FU_KT358869_reps	k__Fungi;p__Ascomycota;c__Eurotiomycetes;o__Eurotiales;f__Trichocomaceae;g__Aspergillus;s__Aspergillus_niger	1.0
SH112576.07FU_DQ318194_refs	k__Fungi;p__Ascomycota;c__Sordariomycetes;o__Microascales;f__Ceratocystidaceae;g__Ceratocystis;s__Ceratocystis_adiposa	1.0
SH083620.07FU_GQ142024_reps	Unassigned	1.0
SH134092.07FU_KC992951_refs	k__Fungi;p__Basidiomycota;c__Agaricomycetes;o__Agaricales;f__Psathyrellaceae;g__Lacrymaria;s__Lacrymaria_lacrymabunda	1.0
SH097165.07FU_GU570541_reps	Unassigned	1.0
SH130009.07FU_UDB000095_refs	k__Fungi;p__Ascomycota;c__Pezizomycetes;o__Pezizales;f__Discinaceae;g__Hydnotrya;s__Hydnotrya_bailii	1.0
SH135601.07FU_UDB000688_reps	k__Fungi;p__Basidiomycota;c__Agaricomycetes;o__Agaricales;f__Cortinariaceae;g__Cortinarius;s__Cortinarius_mellinus	1.0
SH130453.07FU_DQ493555_reps	k__Fungi;p__Basidiomycota;c__Agaricomycetes;o__Russulales;f__Russulaceae;g__Russula;s__Russula_atropurpurea	1.0
SH124514.07FU_EU081954_reps	k__Fungi;p__Basidiomycota;c__Agaricomycetes;o__Agaricales;f__Agaricaceae;g__Lepiota;s__Lepiota_cristata	1.0
SH101229.07FU_KF010872_reps	Unassigned	1.0
SH127325.07FU_KF981370_reps	Unassigned	1.0
SH104042.07FU_AF444553_refs	k__Fungi;p__Basidiomycota;c__Agaricostilbomycetes;o__Agaricostilbales;f__Agaricostilbaceae;g__Sterigmatomyces;s__Sterigmatomyces_elviae	1.0
SH476483.07FU_KJ783296_refs	Unassigned	1.0
SH076379.07FU_JF414846_reps	k__Fungi;p__Ascomycota;c__Sordariomycetes;o__Magnaporthales;f__Magnaporthaceae;g__Magnaporthiopsis;s__Magnaporthiopsis_incrustans	1.0
SH104480.07FU_KJ140750_reps	Unassigned	1.0
SH107587.07FU_KF264645_reps	Unassigned	1.0
SH116753.07FU_KF010171_reps	k__Fungi;p__Ascomycota;c__Eurotiomycetes;o__Eurotiales;f__Trichocomaceae;g__Aspergillus;s__Aspergillus_niger	1.0
SH102910.07FU_DQ093196_refs	k__Fungi;p__Ascomycota;c__Dothideomycetes;o__Botryosphaeriales;f__Botryosphaeriaceae;g__Neofusicoccum;s__Neofusicoccum_cordaticola	1.0
SH093764.07FU_JF908095_reps	k__Fungi;p__Basidiomycota;c__Agaricomycetes;o__Agaricales;f__Inocybaceae;g__Inocybe;s__Inocybe_rivularis	1.0
SH109104.07FU_KC774584_refs	Unassigned	1.0
SH541629.07FU_KP822263_reps	Unassigned	1.0
SH102703.07FU_JQ246354_reps	k__Fungi;p__Ascomycota;c__Eurotiomycetes;o__Onygenales;f__Onygenales_fam_Incertae_sedis;g__Myceliophthora;s__Myceliophthora_guttulata	1.0
SH096790.07FU_AY176426_reps	k__Fungi;p__Basidiomycota;c__Agaricomycetes;o__Agaricales;f__Agaricaceae;g__Leucoagaricus;s__Leucoagaricus_sericifer	1.0
SH082414.07FU_EU622325_reps	k__Fungi;p__Basidiomycota;c__Agaricomycetes;o__Thelephorales;f__Bankeraceae;g__Boletopsis;s__Boletopsis_leucomelaena	1.0
SH121422.07FU_JN865202_refs	Unassigned	1.0
SH091772.07FU_AF312014_refs	k__Fungi;p__Ascomycota;c__Dothideomycetes;o__Botryosphaeriales;f__Botryosphaeriaceae;g__Phyllosticta;s__Phyllosticta_cryptomeriae	1.0
SH542140.07FU_UDB024934_reps	k__Fungi;p__Basidiomycota;c__Agaricomycetes;o__Agaricales;f__Cortinariaceae;g__Cortinarius;s__Cortinarius_uraceonemoralis	1.0
SH100815.07FU_AF444530_refs	Unassigned	1.0
SH136204.07FU_JQ397058_reps	k__Fungi;p__Ascomycota;c__Dothideomycetes;o__Botryosphaeriales;f__Botryosphaeriaceae;g__Phyllosticta;s__Phyllosticta_citricarpa	1.0
SH079012.07FU_UDB000428_reps	Unassigned	1.0
SH080112.07FU_UDB011417_refs	k__Fungi;p__Basidiomycota;c__Agaricomycetes;o__Agaricales;f__Pluteaceae;g__Pluteus;s__Pluteus_phlebophorus	1.0
SH088709.07FU_KF668297_reps	Unassigned	1.0
SH551663.07FU_KM371464_reps	Unassigned	1.0
SH090971.07FU_JF412001_reps	k__Fungi;p__Ascomycota;c__Eurotiomycetes;o__Eurotiales;f__Eurotiales_fam_Incertae_sedis;g__Thermomyces;s__Thermomyces_lanuginosus	1.0
SH088237.07FU_UDB011395_refs	Unassigned	1.0
SH135315.07FU_KF732564_refs	k__Fungi;p__Basidiomycota;c__Agaricomycetes;o__Agaricales;f__Cortinariaceae;g__Cortinarius;s__Cortinarius_fraudulosoides	1.0
SH094296.07FU_GU817100_reps	k__Fungi;p__Basidiomycota;c__Agaricomycetes;o__Agaricales;f__Cortinariaceae;g__Cortinarius;s__Cortinarius_helobius	1.0
SH537724.07FU_KP814237_reps	Unassigned	1.0
SH134538.07FU_EU977532_reps	k__Fungi;p__Ascomycota;c__Orbiliomycetes;o__Orbiliales;f__Orbiliaceae;g__Arthrobotrys;s__Arthrobotrys_thaumasia	1.0
SH136508.07FU_DQ257343_reps	k__Fungi;p__Ascomycota;c__Pezizomycetes;o__Pezizales;f__Morchellaceae;g__Morchella;s__Morchella_angusticeps	1.0
SH087947.07FU_EF568083_refs	Unassigned	1.0
SH132990.07FU_AF444626_refs	Unassigned	1.0
SH094029.07FU_JN165012_reps	k__Fungi;p__Basidiomycota;c__Agaricomycetes;o__Polyporales;f__Polyporaceae;g__Trametes;s__Trametes_trogii	1.0
SH090795.07FU_UDB016334_refs	Unassigned	1.0
SH080467.07FU_UDB015305_reps	k__Fungi;p__Basidiomycota;c__Agaricomycetes;o__Agaricales;f__Strophariaceae;g__Hypholoma;s__Hypholoma_myosotis	1.0
SH127836.07FU_FJ441044_reps	Unassigned	1.0
SH120898.07FU_AB454303_reps	k__Fungi;p__Ascomycota;c__Dothideomycetes;o__Botryosphaeriales;f__Botryosphaeriaceae;g__Phyllosticta;s__Phyllosticta_spinarum	1.0
SH080088.07FU_HQ877876_reps	Unassigned	1.0
SH132226.07FU_DQ777981_reps	k__Fungi;p__Basidiomycota;c__Agaricomycetes;o__Russulales;f__Russulaceae;g__Russula;s__Russula_aeruginea	1.0
SH077349.07FU_DQ366846_reps	k__Fungi;p__Basidiomycota;c__Microbotryomycetes;o__Microbotryales;f__Microbotryaceae;g__Microbotryum;s__Microbotryum_stellariae	1.0
SH132527.07FU_EU819480_reps	k__Fungi;p__Basidiomycota;c__Agaricomycetes;o__Russulales;f__Russulaceae;g__Lactarius;s__Lactarius_camphoratus	1.0
SH132785.07FU_JN943116_refs	k__Fungi;p__Basidiomycota;c__Agaricomycetes;o__Agaricales;f__Psathyrellaceae;g__Coprinellus;s__Coprinellus_micaceus	1.0
SH098429.07FU_JN198071_reps	Unassigned	1.0
SH110338.07FU_KC464637_reps	k__Fungi;p__Ascomycota;c__Leotiomycetes;o__Helotiales;f__Hyaloscyphaceae;g__Lachnellula;s__Lachnellula_calyciformis	1.0
SH083101.07FU_JQ673016_reps	k__Fungi;p__Basidiomycota;c__Agaricomycetes;o__Polyporales;f__Polyporaceae;g__Yuchengia;s__Yuchengia_narymica	1.0
SH116518.07FU_AY646476_reps	k__Fungi;p__Ascomycota;c__Dothideomycetes;o__Capnodiales;f__Mycosphaerellaceae;g__Mycosphaerella;s__Mycosphaerella_musicola	1.0
SH109870.07FU_JF907844_reps	k__Fungi;p__Basidiomycota;c__Agaricomycetes;o__Agaricales;f__Agaricaceae;g__Coprinus;s__Coprinus_comatus	1.0
SH094425.07FU_KP013190_refs	k__Fungi;p__Basidiomycota;c__Agaricomycetes;o__Agaricales;f__Cortinariaceae;g__Cortinarius;s__Cortinarius_orasericeus	1.0
SH079629.07FU_JF495076_refs	k__Fungi;p__Basidiomycota;c__Agaricomycetes;o__Agaricales;f__Agaricaceae;g__Macrolepiota;s__Macrolepiota_detersa	1.0
SH083118.07FU_UDB016393_refs	Unassigned	1.0
SH102083.07FU_EU707431_reps	k__Fungi;p__Ascomycota;c__Sordariomycetes;o__Diaporthales;f__Gnomoniaceae;g__Gnomonia;s__Gnomonia_virginianae	1.0
SH079577.07FU_AB284447_reps	k__Fungi;p__Basidiomycota;c__Agaricomycetes;o__Boletales;f__Suillaceae;g__Suillus;s__Suillus_placidus	1.0
SH133711.07FU_AF377167_refs	k__Fungi;p__Basidiomycota;c__Agaricomycetes;o__Boletales;f__Rhizopogonaceae;g__Rhizopogon;s__Rhizopogon_brunsii	1.0
SH107466.07FU_AF444593_reps	Unassigned	1.0
SH111233.07FU_HM998310_reps	Unassigned	1.0
SH113630.07FU_JQ761144_reps	k__Fungi;p__Ascomycota;c__Leotiomycetes;o__Rhytismatales;f__Rhytismataceae;g__Lophodermium;s__Lophodermium_pinastri	1.0
SH077057.07FU_JF896230_reps	k__Fungi;p__Basidiomycota;c__Agaricomycetes;o__Agaricales;f__Agaricaceae;g__Agaricus;s__Agaricus_hondensis	1.0
SH128232.07FU_KC209138_reps	k__Fungi;p__Ascomycota;c__Lecanoromycetes;o__Lecanorales;f__Stereocaulaceae;g__Lepraria;s__Lepraria_neglecta	1.0
SH115057.07FU_KJ486579_refs	Unassigned	1.0
SH100700.07FU_DQ001271_reps	k__Fungi;p__Ascomycota;c__Lecanoromycetes;o__Lecanorales;f__Parmeliaceae;g__Vulpicida;s__Vulpicida_canadensis	1.0
SH136209.07FU_JQ396971_reps	k__Fungi;p__Ascomycota;c__Dothideomycetes;o__Botryosphaeriales;f__Botryosphaeriaceae;g__Phyllosticta;s__Phyllosticta_citricarpa	1.0
SH125196.07FU_JQ358816_reps	k__Fungi;p__Basidiomycota;c__Agaricomycetes;o__Polyporales;f__Fomitopsidaceae;g__Postia;s__Postia_caesia	1.0
SH126793.07FU_HQ599396_reps	Unassigned	1.0
SH132068.07FU_UDB015813_refs	k__Fungi;p__Basidiomycota;c__Agaricomycetes;o__Agaricales;f__Strophariaceae;g__Pholiota;s__Pholiota_lundbergii	1.0
SH093102.07FU_JN580852_refs	k__Fungi;p__Basidiomycota;c__Agaricomycetes;o__Agaricales;f__Inocybaceae;g__Inocybe;s__Inocybe_nitidiuscula	1.0
SH107465.07FU_DQ238741_reps	Unassigned	1.0
SH082129.07FU_UDB000307_reps	Unassigned	1.0
SH078083.07FU_FM865575_refs	Unassigned	1.0
SH116013.07FU_EU700372_reps	k__Fungi;p__Ascomycota;c__Dothideomycetes;o__Venturiales;f__Venturiaceae;g__Rhizosphaera;s__Rhizosphaera_macrospora	1.0
SH114792.07FU_KJ707210_reps	k__Fungi;p__Ascomycota;c__Eurotiomycetes;o__Chaetothyriales;f__Herpotrichiellaceae;g__Exophiala;s__Exophiala_mansonii	1.0
SH549494.07FU_KM371462_reps	Unassigned	1.0
SH536374.07FU_JX462581_reps	Unassigned	1.0
SH542877.07FU_KU844726_reps	Unassigned	1.0
SH097173.07FU_AF482871_reps	Unassigned	1.0
SH081529.07FU_UDB017909_reps	k__Fungi;p__Basidiomycota;c__Agaricomycetes;o__Agaricales;f__Mycenaceae;g__Mycena;s__Mycena_alba	1.0
SH544006.07FU_KM391669_reps	Unassigned	1.0
SH109238.07FU_KF732376_reps	Unassigned	1.0
SH104563.07FU_JN197973_reps	k__Fungi;p__Basidiomycota;c__Agaricomycetes;o__Agaricales;f__Inocybaceae;g__Inocybe;s__Inocybe_calospora	1.0
SH116549.07FU_AF362054_reps	Unassigned	1.0
SH544082.07FU_KJ570692_reps	k__Fungi;p__Ascomycota;c__Sordariomycetes;o__Sordariomycetes_ord_Incertae_sedis;f__Sordariomycetes_fam_Incertae_sedis;g__Thyronectria;s__Thyronectria_lamyi	1.0
SH094415.07FU_JQ746596_refs	k__Fungi;p__Basidiomycota;c__Agaricomycetes;o__Agaricales;f__Cortinariaceae;g__Cortinarius;s__Cortinarius_caesiobrunneus	1.0
SH118850.07FU_KJ706263_reps	k__Fungi;p__Ascomycota;c__Saccharomycetes;o__Saccharomycetales;f__Debaryomycetaceae;g__Scheffersomyces;s__Scheffersomyces_shehatae	1.0
SH085121.07FU_AY225495_reps	Unassigned	1.0
SH099106.07FU_FN185983_refs	k__Fungi;p__Ascomycota;c__Lecanoromycetes;o__Umbilicariales;f__Umbilicariaceae;g__Umbilicaria;s__Umbilicaria_cinereorufescens	1.0
SH112966.07FU_JN857197_reps	Unassigned	1.0
SH128018.07FU_EU118648_refs	Unassigned	1.0
SH119896.07FU_UDB000399_refs	k__Fungi;p__Basidiomycota;c__Agaricomycetes;o__Boletales;f__Boletaceae;g__Xerocomellus;s__Xerocomellus_ripariellus	1.0
SH135471.07FU_UDB021511_refs	k__Fungi;p__Basidiomycota;c__Agaricomycetes;o__Agaricales;f__Cortinariaceae;g__Cortinarius;s__Cortinarius_tillamookensis	1.0
SH121997.07FU_GQ344602_reps	Unassigned	1.0
SH091195.07FU_EU877914_reps	Unassigned	1.0
SH129298.07FU_KR476722_refs	Unassigned	1.0
SH133495.07FU_DQ899095_reps	k__Fungi;p__Basidiomycota;c__Agaricomycetes;o__Cantharellales;f__Hydnaceae;g__Sistotrema;s__Sistotrema_oblongisporum	1.0
SH134672.07FU_UDB016639_reps	Unassigned	1.0
SH094251.07FU_UDB011495_refs	Unassigned	1.0
SH082473.07FU_AY194544_reps	k__Fungi;p__Basidiomycota;c__Agaricomycetes;o__Agaricales;f__Bolbitiaceae;g__Conocybe;s__Conocybe_apala	1.0
SH124877.07FU_EU708339_refs	Unassigned	1.0
SH134474.07FU_EU819460_reps	Unassigned	1.0
SH119508.07FU_KJ729486_reps	Unassigned	1.0
SH130072.07FU_HM562198_reps	k__Fungi;p__Basidiomycota;c__Agaricomycetes;o__Agaricales;f__Pluteaceae;g__Pluteus;s__Pluteus_ephebeus	1.0
SH121934.07FU_AB570314_reps	Unassigned	1.0
SH118581.07FU_EU400584_reps	k__Fungi;p__Basidiomycota;c__Pucciniomycetes;o__Pucciniales;f__Pucciniaceae;g__Puccinia;s__Puccinia_chrysanthemi	1.0
SH112624.07FU_KC732743_reps	k__Fungi;p__Ascomycota;c__Lecanoromycetes;o__Peltigerales;f__Lobariaceae;g__Sticta;s__Sticta_papillata	1.0
SH086458.07FU_EF493296_refs	k__Fungi;p__Basidiomycota;c__Agaricomycetes;o__Russulales;f__Russulaceae;g__Lactarius;s__Lactarius_subdulcis	1.0
SH098413.07FU_JN388965_refs	k__Fungi;p__Basidiomycota;c__Agaricomycetes;o__Russulales;f__Russulaceae;g__Lactifluus;s__Lactifluus_versiformis	1.0
SH085997.07FU_HQ833458_reps	Unassigned	1.0
SH079873.07FU_HM562105_reps	k__Fungi;p__Basidiomycota;c__Agaricomycetes;o__Agaricales;f__Pluteaceae;g__Pluteus;s__Pluteus_romellii	1.0
SH097209.07FU_FJ860743_refs	k__Fungi;p__Ascomycota;c__Sordariomycetes;o__Hypocreales;f__Hypocreaceae;g__Trichoderma;s__Trichoderma_virens	1.0
SH105904.07FU_AF444514_refs	Unassigned	1.0
SH090344.07FU_KJ780468_reps	k__Fungi;p__Basidiomycota;c__Agaricomycetes;o__Atheliales;f__Atheliaceae;g__Cora;s__Cora_arachnoidea	1.0
SH100773.07FU_HM056220_refs	k__Fungi;p__Ascomycota;c__Pezizomycetes;o__Pezizales;f__Pezizaceae;g__Terfezia;s__Terfezia_fanfani	1.0
SH086197.07FU_JX219379_refs	Unassigned	1.0
SH129219.07FU_KF264624_reps	Unassigned	1.0
SH551645.07FU_KM056664_reps	k__Fungi;p__Glomeromycota;c__Glomeromycetes;o__Glomerales;f__Glomeraceae;g__Dominikia;s__Dominikia_aurea	1.0
SH104965.07FU_KF061269_refs	k__Fungi;p__Basidiomycota;c__Agaricomycetes;o__Sebacinales;f__Sebacinaceae;g__Sebacina;s__Sebacina_dimitica	1.0
SH126611.07FU_FR852297_reps	k__Fungi;p__Basidiomycota;c__Agaricomycetes;o__Agaricales;f__Entolomataceae;g__Entoloma;s__Entoloma_rivulare	1.0
SH083696.07FU_JF311973_reps	Unassigned	1.0
SH107396.07FU_GU225948_refs	k__Fungi;p__Ascomycota;c__Eurotiomycetes;o__Chaetothyriales;f__Herpotrichiellaceae;g__Exophiala;s__Exophiala_moniliae	1.0
SH079648.07FU_AY280489_reps	Unassigned	1.0
SH110876.07FU_JN211109_reps	Unassigned	1.0
SH094381.07FU_UDB018346_reps	k__Fungi;p__Basidiomycota;c__Agaricomycetes;o__Agaricales;f__Cortinariaceae;g__Cortinarius;s__Cortinarius_assiduus	1.0
SH122118.07FU_GU228969_reps	Unassigned	1.0
SH092051.07FU_KJ140551_reps	k__Fungi;p__Basidiomycota;c__Agaricomycetes;o__Polyporales;f__Polyporaceae;g__Datronia;s__Datronia_mollis	1.0
SH127888.07FU_EF507250_refs	Unassigned	1.0
SH121558.07FU_HQ649995_reps	Unassigned	1.0
SH098402.07FU_JN388972_refs	k__Fungi;p__Basidiomycota;c__Agaricomycetes;o__Russulales;f__Russulaceae;g__Lactarius;s__Lactarius_volemus	1.0
SH111733.07FU_EU010261_refs	Unassigned	1.0
SH135260.07FU_UDB002149_refs	k__Fungi;p__Basidiomycota;c__Agaricomycetes;o__Agaricales;f__Cortinariaceae;g__Cortinarius;s__Cortinarius_callochrous	1.0
SH546295.07FU_KP171146_reps	Unassigned	1.0
SH124421.07FU_JN979417_refs	Unassigned	1.0
SH121070.07FU_DQ345593_reps	k__Fungi;p__Ascomycota;c__Sordariomycetes;o__Hypocreales;f__Ophiocordycipitaceae;g__Ophiocordyceps;s__Ophiocordyceps_arborescens	1.0
SH094888.07FU_JQ673066_reps	k__Fungi;p__Basidiomycota;c__Agaricomycetes;o__Polyporales;f__Fomitopsidaceae;g__Postia;s__Postia_sericeomollis	1.0
SH118631.07FU_DQ118994_refs	Unassigned	1.0
SH087574.07FU_UDB019745_refs	k__Fungi;p__Basidiomycota;c__Agaricomycetes;o__Boletales;f__Gomphidiaceae;g__Gomphidius;s__Gomphidius_oregonensis	1.0
SH128787.07FU_EF585646_refs	k__Fungi;p__Chytridiomycota;c__Chytridiomycetes;o__Rhizophydiales;f__Alphamycetaceae;g__Alphamyces;s__Alphamyces_chaetifer	1.0
SH539166.07FU_KP943773_reps	k__Fungi;p__Ascomycota;c__Lecanoromycetes;o__Lecanorales;f__Parmeliaceae;g__Parmotrema;s__Parmotrema_reticulatum	1.0
SH102405.07FU_GU322456_reps	k__Fungi;p__Ascomycota;c__Sordariomycetes;o__Xylariales;f__Xylariaceae;g__Xylaria;s__Xylaria_acuta	1.0
SH111411.07FU_GU054133_reps	Unassigned	1.0
SH094807.07FU_JQ801402_refs	Unassigned	1.0
SH129522.07FU_JF832617_refs	k__Fungi;p__Ascomycota;c__Sordariomycetes;o__Sordariomycetes_ord_Incertae_sedis;f__Sordariomycetes_fam_Incertae_sedis;g__Thyronectria;s__Thyronectria_sinopica	1.0
SH121167.07FU_AY212825_reps	Unassigned	1.0
SH100939.07FU_AY218441_reps	Unassigned	1.0
SH135490.07FU_JX648601_reps	k__Fungi;p__Basidiomycota;c__Agaricomycetes;o__Agaricales;f__Cortinariaceae;g__Cortinarius;s__Cortinarius_misermontii	1.0
SH096305.07FU_KJ706550_reps	k__Fungi;p__Ascomycota;c__Saccharomycetes;o__Saccharomycetales;f__Saccharomycetales_fam_Incertae_sedis;g__Candida;s__Candida_ergatensis	1.0
SH116480.07FU_KF251253_refs	k__Fungi;p__Ascomycota;c__Dothideomycetes;o__Capnodiales;f__Mycosphaerellaceae;g__Cercospora;s__Cercospora_caricis	1.0
SH133392.07FU_UDB018802_reps	k__Fungi;p__Basidiomycota;c__Agaricomycetes;o__Russulales;f__Russulaceae;g__Gymnomyces;s__Gymnomyces_subochraceus	1.0
SH098658.07FU_KC437645_reps	Unassigned	1.0
SH114281.07FU_JF433009_reps	Unassigned	1.0
SH112776.07FU_AB524788_reps	k__Fungi;p__Ascomycota;c__Dothideomycetes;o__Pleosporales;f__Tetraplosphaeriaceae;g__Polyplosphaeria;s__Polyplosphaeria_fusca	1.0
SH101509.07FU_EU010004_reps	k__Fungi;p__Ascomycota;c__Sordariomycetes;o__Xylariales;f__Xylariaceae;g__Xylaria;s__Xylaria_curta	1.0
SH117820.07FU_JQ837939_refs	Unassigned	1.0
SH098895.07FU_KC166996_reps	k__Fungi;p__Ascomycota;c__Lecanoromycetes;o__Ostropales;f__Thelotremataceae;g__Diploschistes;s__Diploschistes_scruposus	1.0
SH118399.07FU_KF114469_reps	k__Fungi;p__Ascomycota;c__Eurotiomycetes;o__Onygenales;f__Ajellomycetaceae;g__Histoplasma;s__Histoplasma_capsulatum	1.0
SH110958.07FU_KJ707215_reps	k__Fungi;p__Ascomycota;c__Saccharomycetes;o__Saccharomycetales;f__Saccharomycetales_fam_Incertae_sedis;g__Candida;s__Candida_ergatensis	1.0
SH096520.07FU_GU053784_reps	k__Fungi;p__Zygomycota;c__Mucoromycotina_cls_Incertae_sedis;o__Mucorales;f__Choanephoraceae;g__Blakeslea;s__Blakeslea_trispora	1.0
SH087695.07FU_DQ192179_reps	k__Fungi;p__Basidiomycota;c__Agaricomycetes;o__Agaricales;f__Marasmiaceae;g__Gerronema;s__Gerronema_xanthophyllum	1.0
SH109370.07FU_AY347316_reps	Unassigned	1.0
SH088340.07FU_AY582126_refs	k__Fungi;p__Ascomycota;c__Saccharomycetes;o__Saccharomycetales;f__Saccharomycetaceae;g__Kazachstania;s__Kazachstania_unispora	1.0
SH105562.07FU_KJ706600_reps	k__Fungi;p__Basidiomycota;c__Tremellomycetes;o__Filobasidiales;f__Filobasidiaceae;g__Filobasidium;s__Filobasidium_chernovii	1.0
SH125378.07FU_KF442520_reps	k__Fungi;p__Ascomycota;c__Dothideomycetes;o__Capnodiales;f__Teratosphaeriaceae;g__Myrtapenidiella;s__Myrtapenidiella_tenuiramis	1.0
SH099240.07FU_KJ210535_reps	k__Fungi;p__Ascomycota;c__Sordariomycetes;o__Diaporthales;f__Diaporthaceae;g__Diaporthe;s__Diaporthe_alnea	1.0
SH105809.07FU_UDB000072_reps	k__Fungi;p__Basidiomycota;c__Agaricomycetes;o__Agaricales;f__Cortinariaceae;g__Cortinarius;s__Cortinarius_pachypus	1.0
SH100741.07FU_KC866431_reps	Unassigned	1.0
SH108091.07FU_AB046984_refs	Unassigned	1.0
SH094863.07FU_FJ385270_reps	Unassigned	1.0
SH094327.07FU_KJ206522_refs	k__Fungi;p__Basidiomycota;c__Agaricomycetes;o__Agaricales;f__Cortinariaceae;g__Cortinarius;s__Cortinarius_uraceonemoralis	1.0
SH125027.07FU_KF385328_reps	Unassigned	1.0
SH121950.07FU_AY762623_refs	k__Fungi;p__Ascomycota;c__Leotiomycetes;o__Helotiales;f__Helotiales_fam_Incertae_sedis;g__Scytalidium;s__Scytalidium_lignicola	1.0
SH088241.07FU_AF062939_refs	k__Fungi;p__Basidiomycota;c__Agaricomycetes;o__Boletales;f__Rhizopogonaceae;g__Rhizopogon;s__Rhizopogon_occidentalis	1.0
SH108989.07FU_KF251276_refs	k__Fungi;p__Ascomycota;c__Dothideomycetes;o__Capnodiales;f__Teratosphaeriaceae;g__Teratosphaeria;s__Teratosphaeria_eucalypti	1.0
SH132520.07FU_KJ705195_reps	k__Fungi;p__Basidiomycota;c__Agaricomycetes;o__Russulales;f__Russulaceae;g__Lactarius;s__Lactarius_salmonicolor	1.0
SH087790.07FU_EF363683_reps	Unassigned	1.0
SH092566.07FU_KC710069_refs	k__Fungi;p__Basidiomycota;c__Agaricomycetes;o__Agaricales;f__Entolomataceae;g__Entocybe;s__Entocybe_nitida	1.0
SH547060.07FU_KT696538_reps	k__Fungi;p__Ascomycota;c__Ascomycota_cls_Incertae_sedis;o__Ascomycota_ord_Incertae_sedis;f__Ascomycota_fam_Incertae_sedis;g__Kirstenboschia;s__Kirstenboschia_diospyri	1.0
SH082742.07FU_EU707809_reps	k__Fungi;p__Ascomycota;c__Lecanoromycetes;o__Lecanorales;f__Parmeliaceae;g__Hypogymnia;s__Hypogymnia_occidentalis	1.0
SH104017.07FU_KF170084_reps	k__Fungi;p__Basidiomycota;c__Pucciniomycetes;o__Pucciniales;f__Melampsoraceae;g__Melampsora;s__Melampsora_epitea	1.0
SH126259.07FU_UDB015434_refs	k__Fungi;p__Basidiomycota;c__Agaricomycetes;o__Agaricales;f__Tricholomataceae;g__Tricholomopsis;s__Tricholomopsis_rutilans	1.0
SH093795.07FU_KJ728759_refs	k__Fungi;p__Basidiomycota;c__Exobasidiomycetes;o__Entylomatales;f__Entylomataceae;g__Entyloma;s__Entyloma_dahliae	1.0
SH117781.07FU_DQ083019_refs	k__Fungi;p__Ascomycota;c__Sordariomycetes;o__Hypocreales;f__Hypocreaceae;g__Trichoderma;s__Trichoderma_citrinoviride	1.0
SH096532.07FU_AF491569_reps	k__Fungi;p__Ascomycota;c__Pezizomycetes;o__Pezizales;f__Pezizaceae;g__Peziza;s__Peziza_varia	1.0
SH093382.07FU_FJ860770_refs	k__Fungi;p__Ascomycota;c__Sordariomycetes;o__Hypocreales;f__Hypocreaceae;g__Trichoderma;s__Trichoderma_virens	1.0
SH086479.07FU_JX436920_refs	k__Fungi;p__Basidiomycota;c__Agaricomycetes;o__Russulales;f__Russulaceae;g__Lactarius;s__Lactarius_substriatus	1.0
SH134265.07FU_DQ873606_refs	k__Fungi;p__Basidiomycota;c__Agaricomycetes;o__Hymenochaetales;f__Schizoporaceae;g__Xylodon;s__Xylodon_rimosissimus	1.0
SH541996.07FU_KT185677_reps	Unassigned	1.0
SH091080.07FU_KJ523034_reps	k__Fungi;p__Ascomycota;c__Lecanoromycetes;o__Peltigerales;f__Lobariaceae;g__Pseudocyphellaria;s__Pseudocyphellaria_coriifolia	1.0
SH077441.07FU_JQ281490_refs	Unassigned	1.0
SH084706.07FU_KC343135_refs	k__Fungi;p__Ascomycota;c__Sordariomycetes;o__Diaporthales;f__Diaporthaceae;g__Diaporthe;s__Diaporthe_mayteni	1.0
SH109752.07FU_AY999118_refs	k__Fungi;p__Ascomycota;c__Sordariomycetes;o__Sordariales;f__Lasiosphaeriaceae;g__Schizothecium;s__Schizothecium_inaequale	1.0
SH090224.07FU_UDB000897_refs	k__Fungi;p__Basidiomycota;c__Agaricomycetes;o__Russulales;f__Russulaceae;g__Russula;s__Russula_risigallina	1.0
SH136154.07FU_JQ003630_reps	Unassigned	1.0
SH121349.07FU_AB077659_refs	k__Fungi;p__Ascomycota;c__Leotiomycetes;o__Erysiphales;f__Erysiphaceae;g__Golovinomyces;s__Golovinomyces_biocellatus	1.0
SH095255.07FU_GQ927294_reps	k__Fungi;p__Ascomycota;c__Lecanoromycetes;o__Peltigerales;f__Pannariaceae;g__Psoroma;s__Psoroma_hypnorum	1.0
SH134808.07FU_DQ680075_reps	k__Fungi;p__Basidiomycota;c__Tremellomycetes;o__Tremellales;f__Tremellales_fam_Incertae_sedis;g__Tremella;s__Tremella_fuciformis	1.0
SH095143.07FU_AY874150_reps	k__Fungi;p__Basidiomycota;c__Pucciniomycetes;o__Pucciniales;f__Pucciniaceae;g__Puccinia;s__Puccinia_allii	1.0
SH112725.07FU_AY581915_reps	k__Fungi;p__Ascomycota;c__Sordariomycetes;o__Lulworthiales;f__Lulworthiales_fam_Incertae_sedis;g__Haloguignardia;s__Haloguignardia_irritans	1.0
SH536345.07FU_KM186828_reps	Unassigned	1.0
SH098262.07FU_AF444540_refs	k__Fungi;p__Basidiomycota;c__Cystobasidiomycetes;o__Erythrobasidiales;f__Erythrobasidiales_fam_Incertae_sedis;g__Hasegawazyma;s__Hasegawazyma_lactosa	1.0
SH088034.07FU_UDB003359_reps	Unassigned	1.0
SH087139.07FU_JF300134_reps	k__Fungi;p__Ascomycota;c__Pezizomycetes;o__Pezizales;f__Tuberaceae;g__Reddellomyces;s__Reddellomyces_westraliensis	1.0
SH112086.07FU_AB734050_refs	k__Fungi;p__Ascomycota;c__Saccharomycetes;o__Saccharomycetales;f__Pichiaceae;g__Yamadazyma;s__Yamadazyma_phyllophila	1.0
SH091805.07FU_JX965187_refs	Unassigned	1.0
SH085712.07FU_AF224419_reps	k__Fungi;p__Ascomycota;c__Lecanoromycetes;o__Teloschistales;f__Physciaceae;g__Physcia;s__Physcia_adscendens	1.0
SH124687.07FU_UDB011825_refs	Unassigned	1.0
SH111577.07FU_HQ599581_refs	k__Fungi;p__Ascomycota;c__Leotiomycetes;o__Helotiales;f__Helotiales_fam_Incertae_sedis;g__Helicodendron;s__Helicodendron_websteri	1.0
SH136185.07FU_HQ874705_reps	k__Fungi;p__Ascomycota;c__Dothideomycetes;o__Botryosphaeriales;f__Botryosphaeriaceae;g__Phyllosticta;s__Phyllosticta_citricarpa	1.0
SH087839.07FU_GU470885_refs	Unassigned	1.0
SH132832.07FU_DQ389700_refs	k__Fungi;p__Basidiomycota;c__Agaricomycetes;o__Agaricales;f__Psathyrellaceae;g__Psathyrella;s__Psathyrella_echinata	1.0
SH128443.07FU_JF417476_refs	k__Fungi;p__Ascomycota;c__Eurotiomycetes;o__Eurotiales;f__Trichocomaceae;g__Rasamsonia;s__Rasamsonia_emersonii	1.0
SH087882.07FU_GU980131_reps	k__Fungi;p__Basidiomycota;c__Agaricomycetes;o__Agaricales;f__Physalacriaceae;g__Hymenopellis;s__Hymenopellis_chiangmaiae	1.0
SH117874.07FU_HM635723_reps	Unassigned	1.0
SH121533.07FU_UDB000552_reps	k__Fungi;p__Basidiomycota;c__Agaricomycetes;o__Agaricales;f__Hygrophoraceae;g__Hygrophorus;s__Hygrophorus_cossus	1.0
SH077981.07FU_UDB003227_refs	k__Fungi;p__Basidiomycota;c__Agaricomycetes;o__Agaricales;f__Agaricaceae;g__Leucoagaricus;s__Leucoagaricus_leucothites	1.0
SH090294.07FU_JN870099_refs	k__Fungi;p__Ascomycota;c__Pezizomycetes;o__Pezizales;f__Tuberaceae;g__Tuber;s__Tuber_foetidum	1.0
SH081609.07FU_FJ176716_reps	Unassigned	1.0
SH134459.07FU_AB686477_reps	k__Fungi;p__Ascomycota;c__Eurotiomycetes;o__Onygenales;f__Arthrodermataceae;g__Trichophyton;s__Trichophyton_verrucosum	1.0
SH119590.07FU_HQ392492_reps	k__Fungi;p__Ascomycota;c__Eurotiomycetes;o__Eurotiales;f__Trichocomaceae;g__Talaromyces;s__Talaromyces_thailandensis	1.0
SH127039.07FU_EU520627_reps	Unassigned	1.0
SH113286.07FU_KF057511_reps	Unassigned	1.0
SH120775.07FU_FJ436331_refs	k__Fungi;p__Basidiomycota;c__Agaricomycetes;o__Agaricales;f__Inocybaceae;g__Inocybe;s__Inocybe_tenebrosa	1.0
SH119617.07FU_JN899377_refs	k__Fungi;p__Ascomycota;c__Eurotiomycetes;o__Eurotiales;f__Trichocomaceae;g__Talaromyces;s__Talaromyces_siamensis	1.0
SH083245.07FU_JN969381_reps	Unassigned	1.0
SH092903.07FU_FJ664824_reps	k__Fungi;p__Ascomycota;c__Eurotiomycetes;o__Verrucariales;f__Verrucariaceae;g__Verrucaria;s__Verrucaria_andesiatica	1.0
SH106099.07FU_JX110043_reps	k__Fungi;p__Basidiomycota;c__Agaricomycetes;o__Hymenochaetales;f__Hymenochaetaceae;g__Phellinus;s__Phellinus_chrysoloma	1.0
SH129115.07FU_UDB016264_refs	Unassigned	1.0
SH125091.07FU_EU552130_refs	k__Fungi;p__Ascomycota;c__Dothideomycetes;o__Botryosphaeriales;f__Botryosphaeriaceae;g__Saccharata;s__Saccharata_kirstenboschensis	1.0
SH540048.07FU_KP747674_reps	k__Fungi;p__Ascomycota;c__Lecanoromycetes;o__Teloschistales;f__Physciaceae;g__Anaptychia;s__Anaptychia_ciliaris	1.0
SH121754.07FU_AF358227_reps	Unassigned	1.0
SH087561.07FU_UDB001092_refs	k__Fungi;p__Basidiomycota;c__Agaricomycetes;o__Agaricales;f__Cortinariaceae;g__Cortinarius;s__Cortinarius_alpinus	1.0
SH132306.07FU_KJ706647_reps	k__Fungi;p__Basidiomycota;c__Microbotryomycetes;o__Microbotryomycetes_ord_Incertae_sedis;f__Microbotryomycetes_fam_Incertae_sedis;g__Vonarxula;s__Vonarxula_javanica	1.0
SH539171.07FU_KP183975_reps	k__Fungi;p__Ascomycota;c__Dothideomycetes;o__Pleosporales;f__Lentitheciaceae;g__Darksidea;s__Darksidea_alpha	1.0
SH095977.07FU_EU819461_reps	k__Fungi;p__Ascomycota;c__Pezizomycetes;o__Pezizales;f__Pezizaceae;g__Peziza;s__Peziza_ostracoderma	1.0
SH135197.07FU_DQ481917_reps	k__Fungi;p__Basidiomycota;c__Agaricomycetes;o__Agaricales;f__Cortinariaceae;g__Cortinarius;s__Cortinarius_malicorius	1.0
SH090550.07FU_KC492471_reps	k__Fungi;p__Ascomycota;c__Sordariomycetes;o__Diaporthales;f__Diaporthaceae;g__Diaporthe;s__Diaporthe_musigena	1.0
SH129849.07FU_KJ523057_refs	Unassigned	1.0
SH096204.07FU_HQ604758_reps	Unassigned	1.0
SH077925.07FU_HM572551_reps	k__Fungi;p__Basidiomycota;c__Agaricomycetes;o__Agaricales;f__Lyophyllaceae;g__Lyophyllum;s__Lyophyllum_decastes	1.0
SH092865.07FU_JN944010_reps	k__Fungi;p__Basidiomycota;c__Agaricomycetes;o__Russulales;f__Russulaceae;g__Russula;s__Russula_versicolor	1.0
SH542721.07FU_KJ783291_refs	Unassigned	1.0
SH078675.07FU_X83897_reps	Unassigned	1.0
SH104674.07FU_JN685284_reps	k__Fungi;p__Glomeromycota;c__Glomeromycetes;o__Diversisporales;f__Diversisporaceae;g__Diversispora;s__Diversispora_epigaea	1.0
SH131878.07FU_EU035453_reps	k__Fungi;p__Ascomycota;c__Dothideomycetes;o__Venturiales;f__Venturiaceae;g__Venturia;s__Venturia_viennotii	1.0
SH104615.07FU_AJ557007_reps	k__Fungi;p__Glomeromycota;c__Glomeromycetes;o__Glomerales;f__Glomeraceae;g__Rhizophagus;s__Rhizophagus_irregularis	1.0
SH134123.07FU_EU436710_reps	Unassigned	1.0
SH105789.07FU_UDB002222_reps	Unassigned	1.0
SH092508.07FU_HM623314_refs	k__Fungi;p__Zygomycota;c__Mucoromycotina_cls_Incertae_sedis;o__Mucorales;f__Mucoraceae;g__Mucor;s__Mucor_irregularis	1.0
SH134539.07FU_EF445989_reps	k__Fungi;p__Ascomycota;c__Orbiliomycetes;o__Orbiliales;f__Orbiliaceae;g__Arthrobotrys;s__Arthrobotrys_oligospora	1.0
SH079191.07FU_UDB000371_reps	k__Fungi;p__Basidiomycota;c__Agaricomycetes;o__Russulales;f__Russulaceae;g__Lactarius;s__Lactarius_olivinus	1.0
SH545641.07FU_KT820120_reps	Unassigned	1.0
SH119596.07FU_JN899325_refs	k__Fungi;p__Ascomycota;c__Eurotiomycetes;o__Eurotiales;f__Trichocomaceae;g__Talaromyces;s__Talaromyces_dendriticus	1.0
SH106446.07FU_JQ902091_reps	k__Fungi;p__Basidiomycota;c__Agaricomycetes;o__Russulales;f__Russulaceae;g__Russula;s__Russula_ochraceorivulosa	1.0
SH126568.07FU_HF968856_reps	Unassigned	1.0
SH132810.07FU_DQ389712_refs	k__Fungi;p__Basidiomycota;c__Agaricomycetes;o__Agaricales;f__Psathyrellaceae;g__Psathyrella;s__Psathyrella_warrenensis	1.0
SH125514.07FU_EF093180_reps	k__Fungi;p__Ascomycota;c__Leotiomycetes;o__Leotiomycetes_ord_Incertae_sedis;f__Leotiomycetes_fam_Incertae_sedis;g__Meliniomyces;s__Meliniomyces_bicolor	1.0
SH110002.07FU_AB854625_reps	k__Fungi;p__Basidiomycota;c__Agaricomycetes;o__Agaricales;f__Psathyrellaceae;g__Coprinopsis;s__Coprinopsis_nivea	1.0
SH092900.07FU_EU249489_reps	k__Fungi;p__Ascomycota;c__Eurotiomycetes;o__Verrucariales;f__Verrucariaceae;g__Verrucaria;s__Verrucaria_funckii	1.0
SH117264.07FU_GU826108_reps	k__Fungi;p__Ascomycota;c__Sordariomycetes;o__Diaporthales;f__Gnomoniaceae;g__Discula;s__Discula_destructiva	1.0
SH105513.07FU_FJ852597_reps	k__Fungi;p__Ascomycota;c__Dothideomycetes;o__Pleosporales;f__Corynesporascaceae;g__Corynespora;s__Corynespora_citricola	1.0
SH101653.07FU_HQ604247_reps	Unassigned	1.0
SH133584.07FU_JQ681208_reps	k__Fungi;p__Basidiomycota;c__Agaricomycetes;o__Agaricales;f__Hydnangiaceae;g__Laccaria;s__Laccaria_vinaceoavellanea	1.0
SH094329.07FU_UDB017791_refs	k__Fungi;p__Basidiomycota;c__Agaricomycetes;o__Agaricales;f__Cortinariaceae;g__Cortinarius;s__Cortinarius_pardinipes	1.0
SH079160.07FU_UDB000376_refs	k__Fungi;p__Basidiomycota;c__Agaricomycetes;o__Russulales;f__Russulaceae;g__Lactarius;s__Lactarius_torminosus	1.0
SH105129.07FU_HQ604804_refs	k__Fungi;p__Basidiomycota;c__Agaricomycetes;o__Agaricales;f__Inocybaceae;g__Inocybe;s__Inocybe_rufoalba	1.0
SH536964.07FU_KP676121_reps	k__Fungi;p__Ascomycota;c__Dothideomycetes;o__Pleosporales;f__Pleosporaceae;g__Alternaria;s__Alternaria_eichhorniae	1.0
SH077024.07FU_FJ596845_reps	k__Fungi;p__Basidiomycota;c__Agaricomycetes;o__Agaricales;f__Agaricaceae;g__Agaricus;s__Agaricus_xanthodermus	1.0
SH116558.07FU_KF251292_reps	k__Fungi;p__Ascomycota;c__Dothideomycetes;o__Capnodiales;f__Mycosphaerellaceae;g__Caryophylloseptoria;s__Caryophylloseptoria_lychnidis	1.0
SH118126.07FU_AF451786_reps	Unassigned	1.0
SH082664.07FU_JN086313_refs	k__Fungi;p__Ascomycota;c__Lecanoromycetes;o__Lecanorales;f__Parmeliaceae;g__Usnea;s__Usnea_glabrescens	1.0
SH130770.07FU_FJ435099_reps	k__Fungi;p__Basidiomycota;c__Agaricomycetes;o__Cantharellales;f__Ceratobasidiaceae;g__Thanatephorus;s__Thanatephorus_cucumeris	1.0
SH098727.07FU_AF444402_refs	Unassigned	1.0
SH135880.07FU_KF732410_refs	k__Fungi;p__Basidiomycota;c__Agaricomycetes;o__Agaricales;f__Cortinariaceae;g__Cortinarius;s__Cortinarius_rosargutus	1.0
SH095242.07FU_JN392210_reps	Unassigned	1.0
SH093580.07FU_JQ972064_reps	Unassigned	1.0
SH125740.07FU_AM279464_reps	Unassigned	1.0
SH134660.07FU_KC999904_reps	Unassigned	1.0
SH110758.07FU_EF392687_reps	k__Fungi;p__Ascomycota;c__Saccharomycetes;o__Saccharomycetales;f__Saccharomycetales_fam_Incertae_sedis;g__Candida;s__Candida_tropicalis	1.0
SH115725.07FU_EU192154_reps	Unassigned	1.0
SH092996.07FU_AF011302_reps	k__Fungi;p__Ascomycota;c__Leotiomycetes;o__Erysiphales;f__Erysiphaceae;g__Erysiphe;s__Erysiphe_magnifica	1.0
SH087221.07FU_UDB017684_reps	k__Fungi;p__Basidiomycota;c__Agaricomycetes;o__Agaricales;f__Agaricaceae;g__Cystoderma;s__Cystoderma_amianthinum	1.0
SH120603.07FU_FN706540_refs	Unassigned	1.0
SH135725.07FU_AF325610_reps	Unassigned	1.0
SH096548.07FU_UDB000358_refs	k__Fungi;p__Basidiomycota;c__Agaricomycetes;o__Russulales;f__Russulaceae;g__Russula;s__Russula_claroflava	1.0
SH537721.07FU_KP814278_reps	Unassigned	1.0
SH082168.07FU_JQ700281_refs	k__Fungi;p__Basidiomycota;c__Agaricomycetes;o__Polyporales;f__Fomitopsidaceae;g__Antrodia;s__Antrodia_serialis	1.0
SH105781.07FU_UDB001339_refs	k__Fungi;p__Basidiomycota;c__Agaricomycetes;o__Agaricales;f__Cortinariaceae;g__Cortinarius;s__Cortinarius_clarobrunneus	1.0
SH119086.07FU_KJ706236_reps	k__Fungi;p__Ascomycota;c__Saccharomycetes;o__Saccharomycetales;f__Saccharomycetales_fam_Incertae_sedis;g__Candida;s__Candida_carvajalis	1.0
SH125755.07FU_JX042676_reps	Unassigned	1.0
SH099960.07FU_HF546244_reps	k__Fungi;p__Ascomycota;c__Sordariomycetes;o__Hypocreales;f__Hypocreales_fam_Incertae_sedis;g__Geosmithia;s__Geosmithia_microcorthyli	1.0
SH092182.07FU_AY266144_reps	k__Fungi;p__Ascomycota;c__Leotiomycetes;o__Helotiales;f__Helotiales_fam_Incertae_sedis;g__Oculimacula;s__Oculimacula_yallundae	1.0
SH096212.07FU_AY944879_reps	k__Fungi;p__Zygomycota;c__Mucoromycotina_cls_Incertae_sedis;o__Mucorales;f__Cunninghamellaceae;g__Absidia;s__Absidia_glauca	1.0
SH078142.07FU_JF439109_reps	k__Fungi;p__Glomeromycota;c__Glomeromycetes;o__Glomerales;f__Glomeraceae;g__Rhizophagus;s__Rhizophagus_intraradices	1.0
SH132663.07FU_EU862209_reps	k__Fungi;p__Basidiomycota;c__Agaricomycetes;o__Cantharellales;f__Clavulinaceae;g__Clavulina;s__Clavulina_rugosa	1.0
SH134664.07FU_AY313271_refs	k__Fungi;p__Basidiomycota;c__Agaricomycetes;o__Agaricales;f__Omphalotaceae;g__Omphalotus;s__Omphalotus_mexicanus	1.0
SH083933.07FU_FJ596899_reps	Unassigned	1.0
SH132227.07FU_UDB011108_reps	k__Fungi;p__Basidiomycota;c__Agaricomycetes;o__Russulales;f__Russulaceae;g__Macowanites;s__Macowanites_chlorinosmus	1.0
SH549546.07FU_KU934727_reps	k__Fungi;p__Ascomycota;c__Lecanoromycetes;o__Lecanorales;f__Lecanoraceae;g__Protoparmeliopsis;s__Protoparmeliopsis_peltata	1.0
SH127379.07FU_KF717574_reps	k__Fungi;p__Ascomycota;c__Pezizomycetes;o__Pezizales;f__Pyronemataceae;g__Otidea;s__Otidea_nannfeldtii	1.0
SH077550.07FU_JQ279537_refs	Unassigned	1.0
SH540027.07FU_KM887884_reps	Unassigned	1.0
SH094365.07FU_EU259289_refs	k__Fungi;p__Basidiomycota;c__Agaricomycetes;o__Agaricales;f__Cortinariaceae;g__Cortinarius;s__Cortinarius_ferrugineovelatus	1.0
SH088695.07FU_FJ660941_reps	Unassigned	1.0
SH100377.07FU_EU563444_reps	k__Fungi;p__Ascomycota;c__Lecanoromycetes;o__Teloschistales;f__Teloschistaceae;g__Caloplaca;s__Caloplaca_arcis	1.0
SH101276.07FU_JQ836556_reps	k__Fungi;p__Ascomycota;c__Pezizomycetes;o__Pezizales;f__Pyronemataceae;g__Tricharina;s__Tricharina_groenlandica	1.0
SH081802.07FU_KF646707_reps	Unassigned	1.0
SH105792.07FU_KJ206508_refs	k__Fungi;p__Basidiomycota;c__Agaricomycetes;o__Agaricales;f__Cortinariaceae;g__Cortinarius;s__Cortinarius_subargyronotus	1.0
SH083950.07FU_AY176392_refs	Unassigned	1.0
SH122980.07FU_JF288795_refs	k__Fungi;p__Ascomycota;c__Lecanoromycetes;o__Lecanorales;f__Cladoniaceae;g__Cladonia;s__Cladonia_marionii	1.0
SH084393.07FU_JN942962_reps	k__Fungi;p__Ascomycota;c__Dothideomycetes;o__Pleosporales;f__Lophiostomataceae;g__Lophiopoacea;s__Lophiopoacea_winteri	1.0
SH101734.07FU_JN197701_reps	Unassigned	1.0
SH097944.07FU_KF640684_reps	k__Fungi;p__Basidiomycota;c__Ustilaginomycetes;o__Urocystidales;f__Glomosporiaceae;g__Thecaphora;s__Thecaphora_schwarzmaniana	1.0
SH104833.07FU_KM065946_refs	Unassigned	1.0
SH541633.07FU_KP744436_refs	Unassigned	1.0
SH087034.07FU_DQ278423_reps	k__Fungi;p__Ascomycota;c__Sordariomycetes;o__Hypocreales;f__Nectriaceae;g__Gliocephalotrichum;s__Gliocephalotrichum_cylindrosporum	1.0
SH094713.07FU_AB667861_refs	k__Fungi;p__Ascomycota;c__Leotiomycetes;o__Erysiphales;f__Erysiphaceae;g__Leveillula;s__Leveillula_guilanensis	1.0
SH096278.07FU_AB365470_reps	Unassigned	1.0
SH125512.07FU_EF658747_reps	k__Fungi;p__Ascomycota;c__Leotiomycetes;o__Helotiales;f__Helotiales_fam_Incertae_sedis;g__Cadophora;s__Cadophora_finlandica	1.0
SH116342.07FU_KR873256_refs	k__Fungi;p__Ascomycota;c__Sordariomycetes;o__Xylariales;f__Amphisphaeriaceae;g__Seimatosporium;s__Seimatosporium_pistaciae	1.0
SH092995.07FU_AB252465_refs	Unassigned	1.0
SH101628.07FU_UDB011777_refs	k__Fungi;p__Basidiomycota;c__Agaricomycetes;o__Agaricales;f__Amanitaceae;g__Amanita;s__Amanita_olivaceogrisea	1.0
SH082992.07FU_JF907771_reps	Unassigned	1.0
SH124908.07FU_FN547531_reps	k__Fungi;p__Glomeromycota;c__Glomeromycetes;o__Archaeosporales;f__Ambisporaceae;g__Ambispora;s__Ambispora_appendicula	1.0
SH134777.07FU_AY304148_reps	k__Fungi;p__Ascomycota;c__Lecanoromycetes;o__Lecanorales;f__Lecanoraceae;g__Rhizoplaca;s__Rhizoplaca_chrysoleuca	1.0
SH119123.07FU_AJ567744_reps	k__Fungi;p__Glomeromycota;c__Glomeromycetes;o__Glomerales;f__Claroideoglomeraceae;g__Claroideoglomus;s__Claroideoglomus_etunicatum	1.0
SH116359.07FU_JF773666_reps	Unassigned	1.0
SH092895.07FU_EU010247_reps	k__Fungi;p__Ascomycota;c__Eurotiomycetes;o__Verrucariales;f__Verrucariaceae;g__Placopyrenium;s__Placopyrenium_formosum	1.0
SH116832.07FU_AY864822_reps	Unassigned	1.0
SH118106.07FU_AY251450_reps	k__Fungi;p__Ascomycota;c__Lecanoromycetes;o__Lecanorales;f__Parmeliaceae;g__Parmotrema;s__Parmotrema_reticulatum	1.0
SH539142.07FU_KU601594_reps	k__Fungi;p__Ascomycota;c__Dothideomycetes;o__Pleosporales;f__Dacampiaceae;g__Teichospora;s__Teichospora_austroafricana	1.0
SH123265.07FU_DQ915396_reps	k__Fungi;p__Ascomycota;c__Sordariomycetes;o__Hypocreales;f__Cordycipitaceae;g__Beauveria;s__Beauveria_caledonica	1.0
SH092883.07FU_UDB002420_reps	k__Fungi;p__Basidiomycota;c__Agaricomycetes;o__Russulales;f__Russulaceae;g__Russula;s__Russula_olivobrunnea	1.0
SH549541.07FU_KP636823_reps	k__Fungi;p__Basidiomycota;c__Agaricomycetes;o__Agaricales;f__Inocybaceae;g__Inocybe;s__Inocybe_serrata	1.0
SH124780.07FU_FM206418_reps	Unassigned	1.0
SH080853.07FU_DQ848613_refs	Unassigned	1.0
SH114382.07FU_AF444668_refs	Unassigned	1.0
SH127962.07FU_UDB015025_reps	Unassigned	1.0
SH537698.07FU_KT444713_reps	k__Fungi;p__Glomeromycota;c__Glomeromycetes;o__Diversisporales;f__Diversisporaceae;g__Diversispora;s__Diversispora_gibbosa	1.0
SH086378.07FU_UDB002246_reps	k__Fungi;p__Basidiomycota;c__Agaricomycetes;o__Thelephorales;f__Bankeraceae;g__Hydnellum;s__Hydnellum_peckii	1.0
SH114573.07FU_JN617685_refs	k__Fungi;p__Ascomycota;c__Eurotiomycetes;o__Eurotiales;f__Trichocomaceae;g__Penicillium;s__Penicillium_citreonigrum	1.0
SH135176.07FU_KC571751_reps	Unassigned	1.0
SH076858.07FU_AY190298_reps	k__Fungi;p__Basidiomycota;c__Pucciniomycetes;o__Pucciniales;f__Pucciniaceae;g__Puccinia;s__Puccinia_boroniae	1.0
SH108987.07FU_GQ852790_refs	k__Fungi;p__Ascomycota;c__Dothideomycetes;o__Capnodiales;f__Teratosphaeriaceae;g__Teratosphaeria;s__Teratosphaeria_biformis	1.0
SH126879.07FU_KC222122_reps	k__Fungi;p__Ascomycota;c__Geoglossomycetes;o__Geoglossales;f__Geoglossaceae;g__Geoglossum;s__Geoglossum_glabrum	1.0
SH124464.07FU_KJ706667_reps	k__Fungi;p__Basidiomycota;c__Microbotryomycetes;o__Sporidiobolales;f__Sporidiobolales_fam_Incertae_sedis;g__Rhodotorula;s__Rhodotorula_nothofagi	1.0
SH129933.07FU_EF601044_refs	Unassigned	1.0
SH105237.07FU_UDB011788_reps	Unassigned	1.0
SH096902.07FU_JQ706092_reps	k__Fungi;p__Ascomycota;c__Sordariomycetes;o__Diaporthales;f__Diaporthales_fam_Incertae_sedis;g__Harknessia;s__Harknessia_ellipsoidea	1.0
SH083644.07FU_EU484297_reps	k__Fungi;p__Zygomycota;c__Mortierellomycotina_cls_Incertae_sedis;o__Mortierellales;f__Mortierellaceae;g__Mortierella;s__Mortierella_longigemmata	1.0
SH103096.07FU_GQ169315_refs	Unassigned	1.0
SH077600.07FU_JN616477_reps	k__Fungi;p__Basidiomycota;c__Agaricomycetes;o__Agaricales;f__Tricholomataceae;g__Melanoleuca;s__Melanoleuca_melaleuca	1.0
SH133059.07FU_KF432954_reps	k__Fungi;p__Basidiomycota;c__Agaricomycetes;o__Russulales;f__Russulaceae;g__Russula;s__Russula_delica	1.0
SH094051.07FU_JX310856_reps	k__Fungi;p__Basidiomycota;c__Agaricomycetes;o__Polyporales;f__Ganodermataceae;g__Amauroderma;s__Amauroderma_aurantiacum	1.0
SH542097.07FU_KP676124_reps	Unassigned	1.0
SH111098.07FU_KF800466_reps	k__Fungi;p__Ascomycota;c__Dothideomycetes;o__Capnodiales;f__Capnodiales_fam_Incertae_sedis;g__Toxicocladosporium;s__Toxicocladosporium_strelitziae	1.0
SH130264.07FU_AM882810_refs	Unassigned	1.0
SH539139.07FU_KP943758_reps	k__Fungi;p__Ascomycota;c__Lecanoromycetes;o__Lecanorales;f__Parmeliaceae;g__Parmotrema;s__Parmotrema_crinitum	1.0
SH116199.07FU_KJ706428_reps	k__Fungi;p__Basidiomycota;c__Tremellomycetes;o__Tremellales;f__Tremellales_fam_Incertae_sedis;g__Naganishia;s__Naganishia_diffluens	1.0
SH135218.07FU_AY669595_refs	k__Fungi;p__Basidiomycota;c__Agaricomycetes;o__Agaricales;f__Cortinariaceae;g__Cortinarius;s__Cortinarius_eartoxicus	1.0
SH112271.07FU_KJ404883_reps	Unassigned	1.0
SH109491.07FU_KC343184_refs	k__Fungi;p__Ascomycota;c__Sordariomycetes;o__Diaporthales;f__Diaporthaceae;g__Diaporthe;s__Diaporthe_arecae	1.0
SH106347.07FU_KF748107_reps	k__Fungi;p__Ascomycota;c__Sordariomycetes;o__Ophiostomatales;f__Ophiostomataceae;g__Grosmannia;s__Grosmannia_europhioides	1.0
SH102696.07FU_AB625585_reps	k__Fungi;p__Ascomycota;c__Pezizomycotina_cls_Incertae_sedis;o__Pezizomycotina_ord_Incertae_sedis;f__Pezizomycotina_fam_Incertae_sedis;g__Staphylotrichum;s__Staphylotrichum_coccosporum	1.0
SH121365.07FU_AB077675_reps	Unassigned	1.0
SH113373.07FU_AY526287_reps	k__Fungi;p__Ascomycota;c__Sordariomycetes;o__Microascales;f__Ceratocystidaceae;g__Ceratocystis;s__Ceratocystis_fimbriata	1.0
SH107519.07FU_UDB011857_refs	Unassigned	1.0
SH114277.07FU_AF491627_reps	Unassigned	1.0
SH115738.07FU_HM538491_reps	k__Fungi;p__Ascomycota;c__Lecanoromycetes;o__Teloschistales;f__Teloschistaceae;g__Caloplaca;s__Caloplaca_cerina	1.0
SH467565.07FU_KC122820_reps	Unassigned	1.0
SH104066.07FU_UDB017838_reps	Unassigned	1.0
SH107819.07FU_HE963789_reps	k__Fungi;p__Basidiomycota;c__Agaricomycetes;o__Trechisporales;f__Hydnodontaceae;g__Brevicellicium;s__Brevicellicium_olivascens	1.0
SH105258.07FU_EU784356_reps	k__Fungi;p__Basidiomycota;c__Agaricomycetes;o__Agaricales;f__Hygrophoraceae;g__Chromosera;s__Chromosera_citrinopallida	1.0
SH127189.07FU_UDB017676_reps	Unassigned	1.0
SH554008.07FU_KM231761_reps	Unassigned	1.0
SH086381.07FU_GQ167046_reps	Unassigned	1.0
SH132547.07FU_EU819486_reps	k__Fungi;p__Basidiomycota;c__Agaricomycetes;o__Russulales;f__Russulaceae;g__Lactarius;s__Lactarius_strigosipes	1.0
SH456757.07FU_AF345249_reps	Unassigned	1.0
SH092721.07FU_JX310817_reps	k__Fungi;p__Basidiomycota;c__Agaricomycetes;o__Polyporales;f__Ganodermataceae;g__Ganoderma;s__Ganoderma_stipitatum	1.0
SH104847.07FU_HQ446341_reps	Unassigned	1.0
SH101109.07FU_AF444329_refs	k__Fungi;p__Basidiomycota;c__Tremellomycetes;o__Cystofilobasidiales;f__Cystofilobasidiaceae;g__Cystofilobasidium;s__Cystofilobasidium_macerans	1.0
SH088202.07FU_HM577230_reps	k__Fungi;p__Ascomycota;c__Lecanoromycetes;o__Lecanorales;f__Lecanoraceae;g__Rhizoplaca;s__Rhizoplaca_subdiscrepans	1.0
SH125384.07FU_GU214637_reps	Unassigned	1.0
SH094155.07FU_AF132502_reps	Unassigned	1.0
SH094372.07FU_KF617836_reps	k__Fungi;p__Basidiomycota;c__Agaricomycetes;o__Agaricales;f__Cortinariaceae;g__Cortinarius;s__Cortinarius_rigens	1.0
SH109307.07FU_AJ007843_refs	Unassigned	1.0
SH110224.07FU_HE687075_reps	Unassigned	1.0
SH123500.07FU_HQ625010_reps	Unassigned	1.0
SH132836.07FU_GU227707_reps	k__Fungi;p__Basidiomycota;c__Agaricomycetes;o__Agaricales;f__Psathyrellaceae;g__Coprinellus;s__Coprinellus_sassii	1.0
SH077238.07FU_JF514528_reps	k__Fungi;p__Basidiomycota;c__Agaricomycetes;o__Agaricales;f__Agaricaceae;g__Agaricus;s__Agaricus_bisporiticus	1.0
SH538692.07FU_KF018119_reps	Unassigned	1.0
SH539442.07FU_KP001196_reps	k__Fungi;p__Ascomycota;c__Lecanoromycetes;o__Lecanorales;f__Cladoniaceae;g__Cladonia;s__Cladonia_stygia	1.0
SH087930.07FU_JQ003625_reps	Unassigned	1.0
SH121055.07FU_UDB011166_refs	Unassigned	1.0
SH113307.07FU_JF744971_reps	k__Fungi;p__Ascomycota;c__Lecanoromycetes;o__Lecanorales;f__Mycoblastaceae;g__Mycoblastus;s__Mycoblastus_sanguinarioides	1.0
SH537254.07FU_KP010370_reps	Unassigned	1.0
SH106973.07FU_JQ762008_reps	Unassigned	1.0
SH132806.07FU_FJ899614_refs	k__Fungi;p__Basidiomycota;c__Agaricomycetes;o__Agaricales;f__Psathyrellaceae;g__Psathyrella;s__Psathyrella_pseudogracilis	1.0
SH131690.07FU_JF907959_reps	k__Fungi;p__Basidiomycota;c__Agaricomycetes;o__Agaricales;f__Inocybaceae;g__Crepidotus;s__Crepidotus_mollis	1.0
SH089047.07FU_EU684534_reps	k__Fungi;p__Basidiomycota;c__Agaricomycetes;o__Agaricales;f__Cortinariaceae;g__Cortinarius;s__Cortinarius_elotoides	1.0
SH110934.07FU_DQ463345_refs	Unassigned	1.0
SH133520.07FU_AY217136_reps	Unassigned	1.0
SH128793.07FU_GU222260_reps	Unassigned	1.0
SH079799.07FU_KF826814_reps	k__Fungi;p__Basidiomycota;c__Agaricomycetes;o__Agaricales;f__Strophariaceae;g__Galerina;s__Galerina_marginata	1.0
SH100705.07FU_AF404127_reps	k__Fungi;p__Ascomycota;c__Lecanoromycetes;o__Lecanorales;f__Parmeliaceae;g__Allocetraria;s__Allocetraria_stracheyi	1.0
SH094256.07FU_AY158675_refs	k__Fungi;p__Basidiomycota;c__Exobasidiomycetes;o__Exobasidiomycetidae_ord_Incertae_sedis;f__Exobasidiomycetidae_fam_Incertae_sedis;g__Meira;s__Meira_argovae	1.0
SH115072.07FU_KP131521_refs	Unassigned	1.0
SH116856.07FU_UDB019856_reps	Unassigned	1.0
SH550832.07FU_KP144098_refs	Unassigned	1.0
SH131008.07FU_GU479361_reps	Unassigned	1.0
SH080515.07FU_UDB011488_refs	k__Fungi;p__Basidiomycota;c__Agaricomycetes;o__Geastrales;f__Geastraceae;g__Geastrum;s__Geastrum_rufescens	1.0
SH113413.07FU_FN547487_refs	k__Fungi;p__Glomeromycota;c__Glomeromycetes;o__Glomerales;f__Glomeraceae;g__Funneliformis;s__Funneliformis_mosseae	1.0
SH119235.07FU_KF777192_refs	k__Fungi;p__Ascomycota;c__Sordariomycetes;o__Hypocreales;f__Hypocreales_fam_Incertae_sedis;g__Stachybotrys;s__Stachybotrys_eucylindrospora	1.0
SH104601.07FU_KC437621_reps	k__Fungi;p__Ascomycota;c__Lecanoromycetes;o__Peltigerales;f__Peltigeraceae;g__Peltigera;s__Peltigera_aphthosa	1.0
SH103405.07FU_DQ681316_reps	Unassigned	1.0
SH132332.07FU_GU573959_reps	Unassigned	1.0
SH130427.07FU_AF166508_reps	Unassigned	1.0
SH135362.07FU_GU222270_reps	k__Fungi;p__Basidiomycota;c__Agaricomycetes;o__Agaricales;f__Cortinariaceae;g__Cortinarius;s__Cortinarius_argyrionus	1.0
SH116959.07FU_AY373910_reps	k__Fungi;p__Ascomycota;c__Eurotiomycetes;o__Eurotiales;f__Trichocomaceae;g__Penicillium;s__Penicillium_commune	1.0
SH103744.07FU_AB603992_refs	k__Fungi;p__Ascomycota;c__Sordariomycetes;o__Hypocreales;f__Cordycipitaceae;g__Simplicillium;s__Simplicillium_subtropicum	1.0
SH129906.07FU_UDB015688_refs	Unassigned	1.0
SH097745.07FU_EU697244_reps	k__Fungi;p__Basidiomycota;c__Agaricomycetes;o__Agaricales;f__Lyophyllaceae;g__Lyophyllum;s__Lyophyllum_aemiliae	1.0
SH134885.07FU_FJ623629_refs	Unassigned	1.0
SH129531.07FU_JN997426_reps	Unassigned	1.0
SH095931.07FU_JQ365190_reps	Unassigned	1.0
SH098859.07FU_AF204809_reps	k__Fungi;p__Basidiomycota;c__Agaricomycetes;o__Agaricales;f__Tricholomataceae;g__Tricholoma;s__Tricholoma_acerbum	1.0
SH119568.07FU_UDB016420_refs	Unassigned	1.0
SH536386.07FU_KP224327_reps	k__Fungi;p__Basidiomycota;c__Agaricomycetes;o__Agaricales;f__Amanitaceae;g__Amanita;s__Amanita_magnivolvata	1.0
SH116275.07FU_KJ706663_reps	k__Fungi;p__Basidiomycota;c__Cystobasidiomycetes;o__Cystobasidiomycetes_ord_Incertae_sedis;f__Microsporomycetaceae;g__Microsporomyces;s__Microsporomyces_pini	1.0
SH130998.07FU_UDB003193_refs	k__Fungi;p__Basidiomycota;c__Agaricomycetes;o__Agaricales;f__Strophariaceae;g__Hebeloma;s__Hebeloma_griseopruinatum	1.0
SH112278.07FU_FJ534886_refs	k__Fungi;p__Basidiomycota;c__Tremellomycetes;o__Tremellales;f__Tremellales_fam_Incertae_sedis;g__Cryptococcus;s__Cryptococcus_neoformans	1.0
SH119850.07FU_HM488750_refs	Unassigned	1.0
SH086273.07FU_GQ165677_reps	k__Fungi;p__Basidiomycota;c__Agaricomycetes;o__Agaricales;f__Cortinariaceae;g__Phaeocollybia;s__Phaeocollybia_gregaria	1.0
SH135285.07FU_KF732407_refs	k__Fungi;p__Basidiomycota;c__Agaricomycetes;o__Agaricales;f__Cortinariaceae;g__Cortinarius;s__Cortinarius_olympianus	1.0
SH132496.07FU_DQ474548_reps	k__Fungi;p__Basidiomycota;c__Agaricomycetes;o__Russulales;f__Russulaceae;g__Lactarius;s__Lactarius_olivinus	1.0
SH484841.07FU_JN168780_reps	Unassigned	1.0
SH123026.07FU_JN621913_reps	k__Fungi;p__Ascomycota;c__Lecanoromycetes;o__Lecanorales;f__Cladoniaceae;g__Cladonia;s__Cladonia_cariosa	1.0
SH080550.07FU_EF392532_reps	k__Fungi;p__Zygomycota;c__Zygomycota_cls_Incertae_sedis;o__Basidiobolales;f__Basidiobolaceae;g__Basidiobolus;s__Basidiobolus_magnus	1.0
SH079368.07FU_JN205828_refs	k__Fungi;p__Zygomycota;c__Mucoromycotina_cls_Incertae_sedis;o__Mucorales;f__Mucoraceae;g__Actinomucor;s__Actinomucor_elegans	1.0
SH127121.07FU_HQ384308_reps	k__Fungi;p__Basidiomycota;c__Agaricomycetes;o__Agaricales;f__Strophariaceae;g__Agrocybe;s__Agrocybe_aegerita	1.0
SH111969.07FU_AF133774_reps	k__Fungi;p__Glomeromycota;c__Glomeromycetes;o__Diversisporales;f__Acaulosporaceae;g__Acaulospora;s__Acaulospora_colossica	1.0
SH079697.07FU_KF732366_refs	k__Fungi;p__Basidiomycota;c__Agaricomycetes;o__Agaricales;f__Cortinariaceae;g__Cortinarius;s__Cortinarius_comarostaphylidis	1.0
SH121739.07FU_UDB011606_refs	k__Fungi;p__Basidiomycota;c__Agaricomycetes;o__Hymenochaetales;f__Repetobasidiaceae;g__Rickenella;s__Rickenella_fibula	1.0
SH135208.07FU_KF732321_refs	k__Fungi;p__Basidiomycota;c__Agaricomycetes;o__Agaricales;f__Cortinariaceae;g__Cortinarius;s__Cortinarius_montanus	1.0
SH100544.07FU_HE605243_reps	k__Fungi;p__Ascomycota;c__Sordariomycetes;o__Hypocreales;f__Clavicipitaceae;g__Metacordyceps;s__Metacordyceps_chlamydosporia	1.0
SH082029.07FU_AF501548_reps	k__Fungi;p__Basidiomycota;c__Agaricomycetes;o__Agaricales;f__Strophariaceae;g__Gymnopilus;s__Gymnopilus_lepidotus	1.0
SH090476.07FU_JX421687_reps	k__Fungi;p__Ascomycota;c__Sordariomycetes;o__Diaporthales;f__Diaporthaceae;g__Diaporthe;s__Diaporthe_longicolla	1.0
SH080683.07FU_HE820338_reps	Unassigned	1.0
SH536260.07FU_KP687886_refs	k__Fungi;p__Ascomycota;c__Dothideomycetes;o__Valsariales;f__Valsariaceae;g__Valsaria;s__Valsaria_insitiva	1.0
SH135229.07FU_KF732347_refs	k__Fungi;p__Basidiomycota;c__Agaricomycetes;o__Agaricales;f__Cortinariaceae;g__Cortinarius;s__Cortinarius_barbaricus	1.0
SH116547.07FU_DQ019350_reps	Unassigned	1.0
SH130450.07FU_UDB000300_refs	k__Fungi;p__Basidiomycota;c__Agaricomycetes;o__Russulales;f__Russulaceae;g__Russula;s__Russula_laccata	1.0
SH088626.07FU_EU035311_reps	Unassigned	1.0
SH122050.07FU_AY549985_refs	Unassigned	1.0
SH081458.07FU_HQ882206_reps	Unassigned	1.0
SH097599.07FU_JN943430_reps	k__Fungi;p__Ascomycota;c__Dothideomycetes;o__Pleosporales;f__Pleosporaceae;g__Curvularia;s__Curvularia_intermedia	1.0
SH120363.07FU_AF454448_reps	k__Fungi;p__Ascomycota;c__Lecanoromycetes;o__Lecanorales;f__Cladoniaceae;g__Cladonia;s__Cladonia_borealis	1.0
SH099096.07FU_HM161488_reps	k__Fungi;p__Ascomycota;c__Lecanoromycetes;o__Umbilicariales;f__Umbilicariaceae;g__Umbilicaria;s__Umbilicaria_polyphylla	1.0
SH121776.07FU_EU669206_reps	k__Fungi;p__Basidiomycota;c__Agaricomycetes;o__Gomphales;f__Clavariadelphaceae;g__Clavariadelphus;s__Clavariadelphus_pistillaris	1.0
SH100813.07FU_AF444527_refs	k__Fungi;p__Basidiomycota;c__Microbotryomycetes;o__Leucosporidiales;f__Leucosporidiaceae;g__Leucosporidium;s__Leucosporidium_drummii	1.0
SH091123.07FU_EU913704_reps	k__Fungi;p__Ascomycota;c__Sordariomycetes;o__Ophiostomatales;f__Ophiostomataceae;g__Ceratocystiopsis;s__Ceratocystiopsis_minima	1.0
SH112346.07FU_UDB031064_reps	Unassigned	1.0
SH092321.07FU_KC462739_reps	Unassigned	1.0
SH129481.07FU_JN104518_reps	k__Fungi;p__Ascomycota;c__Sordariomycetes;o__Hypocreales;f__Nectriaceae;g__Volutella;s__Volutella_consors	1.0
SH133970.07FU_KF306333_refs	k__Fungi;p__Basidiomycota;c__Agaricomycetes;o__Agaricales;f__Hygrophoraceae;g__Hygrocybe;s__Hygrocybe_cantharellus	1.0
SH079290.07FU_FN550923_refs	Unassigned	1.0
SH098929.07FU_JX514385_reps	k__Fungi;p__Basidiomycota;c__Agaricomycetes;o__Cantharellales;f__Tulasnellaceae;g__Tulasnella;s__Tulasnella_calospora	1.0
SH462959.07FU_HM562143_reps	Unassigned	1.0
SH128347.07FU_AF266652_reps	Unassigned	1.0
SH089009.07FU_UDB002241_refs	k__Fungi;p__Basidiomycota;c__Agaricomycetes;o__Agaricales;f__Cortinariaceae;g__Cortinarius;s__Cortinarius_alnobetulae	1.0
SH087852.07FU_JX310424_reps	k__Fungi;p__Ascomycota;c__Pezizomycetes;o__Pezizales;f__Sarcosomataceae;g__Plectania;s__Plectania_milleri	1.0
SH125771.07FU_KJ701295_reps	k__Fungi;p__Ascomycota;c__Dothideomycetes;o__Hysteriales;f__Gloniaceae;g__Cenococcum;s__Cenococcum_geophilum	1.0
SH125873.07FU_HM222966_reps	Unassigned	1.0
SH544563.07FU_KM108375_reps	k__Fungi;p__Ascomycota;c__Leotiomycetes;o__Helotiales;f__Helotiales_fam_Incertae_sedis;g__Tiarosporella;s__Tiarosporella_tritici	1.0
SH102852.07FU_KC833086_reps	Unassigned	1.0
SH120711.07FU_DQ066707_reps	k__Fungi;p__Ascomycota;c__Lecanoromycetes;o__Peltigerales;f__Nephromataceae;g__Nephroma;s__Nephroma_helveticum	1.0
SH125305.07FU_DQ990874_reps	Unassigned	1.0
SH125158.07FU_UDB015645_refs	Unassigned	1.0
SH130632.07FU_UDB016813_refs	Unassigned	1.0
SH106064.07FU_AF394043_reps	Unassigned	1.0
SH130378.07FU_UDB023720_reps	Unassigned	1.0
SH111882.07FU_JQ619167_refs	k__Fungi;p__Basidiomycota;c__Agaricomycetes;o__Boletales;f__Boletaceae;g__Octaviania;s__Octaviania_decimae	1.0
SH101596.07FU_AY373015_reps	Unassigned	1.0
SH113029.07FU_JQ393096_reps	k__Fungi;p__Basidiomycota;c__Agaricomycetes;o__Atheliales;f__Atheliaceae;g__Piloderma;s__Piloderma_olivaceum	1.0
SH084185.07FU_FJ871098_reps	k__Fungi;p__Ascomycota;c__Lecanoromycetes;o__Lecanorales;f__Ramalinaceae;g__Ramalina;s__Ramalina_aspera	1.0
SH116471.07FU_KF251234_refs	k__Fungi;p__Ascomycota;c__Dothideomycetes;o__Capnodiales;f__Mycosphaerellaceae;g__Cercospora;s__Cercospora_caricis	1.0
SH077072.07FU_JQ824136_reps	k__Fungi;p__Basidiomycota;c__Agaricomycetes;o__Agaricales;f__Agaricaceae;g__Agaricus;s__Agaricus_aristocratus	1.0
SH083811.07FU_UDB016352_refs	Unassigned	1.0
SH132240.07FU_UDB016039_reps	k__Fungi;p__Basidiomycota;c__Agaricomycetes;o__Russulales;f__Russulaceae;g__Russula;s__Russula_integriformis	1.0
SH098399.07FU_JN388982_reps	Unassigned	1.0
SH115313.07FU_JN943327_reps	Unassigned	1.0
SH127131.07FU_KF732472_reps	Unassigned	1.0
SH134388.07FU_GU367903_reps	Unassigned	1.0
SH124394.07FU_KJ162314_reps	Unassigned	1.0
SH111771.07FU_KC305883_reps	k__Fungi;p__Ascomycota;c__Sordariomycetes;o__Hypocreales;f__Ophiocordycipitaceae;g__Ophiocordyceps;s__Ophiocordyceps_sinensis	1.0
SH108824.07FU_EF484923_reps	k__Fungi;p__Ascomycota;c__Sordariomycetes;o__Hypocreales;f__Clavicipitaceae;g__Metarhizium;s__Metarhizium_lepidiotae	1.0
SH113288.07FU_HQ111052_refs	Unassigned	1.0
SH098499.07FU_AY219351_reps	k__Fungi;p__Basidiomycota;c__Agaricomycetes;o__Polyporales;f__Phanerochaetaceae;g__Phanerochaete;s__Phanerochaete_velutina	1.0
SH134238.07FU_EU523588_reps	Unassigned	1.0
SH103654.07FU_AF097913_refs	k__Fungi;p__Ascomycota;c__Sordariomycetes;o__Hypocreales;f__Hypocreaceae;g__Trichoderma;s__Trichoderma_virescentiflavum	1.0
SH094016.07FU_KC867379_refs	k__Fungi;p__Basidiomycota;c__Agaricomycetes;o__Polyporales;f__Polyporaceae;g__Trametes;s__Trametes_trogii	1.0
SH102278.07FU_AY069991_refs	k__Fungi;p__Basidiomycota;c__Microbotryomycetes;o__Sporidiobolales;f__Sporidiobolales_fam_Incertae_sedis;g__Sporobolomyces;s__Sporobolomyces_ruberrimus	1.0
SH083934.07FU_FJ544860_refs	Unassigned	1.0
SH116281.07FU_HE977535_reps	Unassigned	1.0
SH537061.07FU_AB205356_reps	Unassigned	1.0
SH090276.07FU_HQ650722_reps	Unassigned	1.0
SH099075.07FU_UDB019625_reps	Unassigned	1.0
SH125850.07FU_UDB018082_reps	Unassigned	1.0
SH131998.07FU_KF918598_reps	k__Fungi;p__Ascomycota;c__Sordariomycetes;o__Hypocreales;f__Nectriaceae;g__Fusarium;s__Fusarium_nelsonii	1.0
SH539211.07FU_KF774161_reps	Unassigned	1.0
SH096294.07FU_KJ706568_reps	k__Fungi;p__Ascomycota;c__Saccharomycetes;o__Saccharomycetales;f__Saccharomycetales_fam_Incertae_sedis;g__Candida;s__Candida_santamariae	1.0
SH120246.07FU_EU075563_reps	Unassigned	1.0
SH080600.07FU_AB221440_reps	k__Fungi;p__Basidiomycota;c__Pucciniomycetes;o__Pucciniales;f__Pucciniastraceae;g__Pucciniastrum;s__Pucciniastrum_fagi	1.0
SH134301.07FU_AF482866_reps	k__Fungi;p__Basidiomycota;c__Agaricomycetes;o__Agaricales;f__Agaricaceae;g__Lepiota;s__Lepiota_roseilivida	1.0
SH092709.07FU_JX310814_reps	k__Fungi;p__Basidiomycota;c__Agaricomycetes;o__Polyporales;f__Ganodermataceae;g__Ganoderma;s__Ganoderma_orbiforme	1.0
SH102321.07FU_HM595551_reps	k__Fungi;p__Ascomycota;c__Sordariomycetes;o__Xylariales;f__Xylariaceae;g__Xylaria;s__Xylaria_cubensis	1.0
SH135288.07FU_FJ717550_reps	k__Fungi;p__Basidiomycota;c__Agaricomycetes;o__Agaricales;f__Cortinariaceae;g__Cortinarius;s__Cortinarius_obtusus	1.0
SH122074.07FU_KC581983_reps	k__Fungi;p__Basidiomycota;c__Agaricomycetes;o__Geastrales;f__Geastraceae;g__Geastrum;s__Geastrum_floriforme	1.0
SH101210.07FU_JX402091_refs	Unassigned	1.0
SH118079.07FU_GU994550_reps	Unassigned	1.0
SH124715.07FU_AF414968_reps	k__Fungi;p__Ascomycota;c__Sordariomycetes;o__Hypocreales;f__Nectriaceae;g__Fusarium;s__Fusarium_poae	1.0
SH098256.07FU_FM999595_reps	Unassigned	1.0
SH105195.07FU_KC507164_reps	Unassigned	1.0
SH134456.07FU_Z97995_refs	k__Fungi;p__Ascomycota;c__Eurotiomycetes;o__Onygenales;f__Arthrodermataceae;g__Trichophyton;s__Trichophyton_mentagrophytes	1.0
SH536875.07FU_KU355378_reps	Unassigned	1.0
SH545412.07FU_LN810849_reps	Unassigned	1.0
SH107614.07FU_HE578140_refs	Unassigned	1.0
SH123591.07FU_AF117364_reps	k__Fungi;p__Ascomycota;c__Pezizomycetes;o__Pezizales;f__Sarcoscyphaceae;g__Phillipsia;s__Phillipsia_domingensis	1.0
SH115295.07FU_AM882929_refs	Unassigned	1.0
SH116559.07FU_KF251290_reps	k__Fungi;p__Ascomycota;c__Dothideomycetes;o__Capnodiales;f__Mycosphaerellaceae;g__Caryophylloseptoria;s__Caryophylloseptoria_lychnidis	1.0
SH127630.07FU_KF036001_reps	Unassigned	1.0
SH102561.07FU_UDB011658_refs	Unassigned	1.0
SH116957.07FU_AY373923_refs	k__Fungi;p__Ascomycota;c__Eurotiomycetes;o__Eurotiales;f__Trichocomaceae;g__Penicillium;s__Penicillium_citreonigrum	1.0
SH133779.07FU_HQ435661_reps	Unassigned	1.0
SH099530.07FU_AB670710_reps	Unassigned	1.0
SH119855.07FU_AF193369_reps	k__Fungi;p__Basidiomycota;c__Agaricomycetes;o__Agaricales;f__Typhulaceae;g__Typhula;s__Typhula_ishikariensis	1.0
SH091582.07FU_JN182198_refs	k__Fungi;p__Basidiomycota;c__Agaricomycetes;o__Agaricales;f__Mycenaceae;g__Mycena;s__Mycena_pearsoniana	1.0
SH079561.07FU_JQ310819_refs	k__Fungi;p__Basidiomycota;c__Agaricomycetes;o__Boletales;f__Suillaceae;g__Suillus;s__Suillus_pungens	1.0
SH114230.07FU_DQ826544_refs	k__Fungi;p__Basidiomycota;c__Agaricomycetes;o__Agaricomycetes_ord_Incertae_sedis;f__Agaricomycetes_fam_Incertae_sedis;g__Resinicium;s__Resinicium_rimulosum	1.0
SH088183.07FU_JN206279_refs	Unassigned	1.0
SH089011.07FU_UDB002131_refs	k__Fungi;p__Basidiomycota;c__Agaricomycetes;o__Agaricales;f__Cortinariaceae;g__Cortinarius;s__Cortinarius_oliveopetasatus	1.0
SH094599.07FU_KP165574_refs	k__Fungi;p__Basidiomycota;c__Agaricomycetes;o__Agaricales;f__Cortinariaceae;g__Cortinarius;s__Cortinarius_ferrugineovelatus	1.0
SH133717.07FU_AJ810047_refs	k__Fungi;p__Basidiomycota;c__Agaricomycetes;o__Boletales;f__Rhizopogonaceae;g__Rhizopogon;s__Rhizopogon_roseolus	1.0
SH093665.07FU_UDB019683_refs	Unassigned	1.0
SH123504.07FU_AY587917_reps	k__Fungi;p__Ascomycota;c__Sordariomycetes;o__Sordariales;f__Lasiosphaeriaceae;g__Lasiosphaeria;s__Lasiosphaeria_ovina	1.0
SH108902.07FU_KF251183_reps	Unassigned	1.0
SH127376.07FU_DQ407260_reps	Unassigned	1.0
SH090279.07FU_JQ724013_reps	Unassigned	1.0
SH124388.07FU_KJ778839_reps	Unassigned	1.0
SH115059.07FU_DQ068379_reps	Unassigned	1.0
